2026-08-03 21:19:13 [pipeline] INFO JOB add2bbe4 START doc=1aaecba1 user=31b31672 pdf=original.pdf
2026-08-03 21:19:13 [pipeline] INFO JOB add2bbe4 STAGE 1: extracting text from original.pdf
2026-08-03 21:19:29 [pipeline] INFO JOB add2bbe4 STAGE 1 DONE: 258 pages, 0 OCR, 846507 chars, 16.2s
2026-08-03 21:19:29 [pipeline] INFO JOB add2bbe4 STAGE 2: detecting structure
2026-08-03 21:19:29 [pipeline] INFO JOB add2bbe4 STAGE 2 DONE: 301 chapters, 301 nodes, 301 leaves, 0.0s
2026-08-03 21:19:29 [pipeline] INFO JOB add2bbe4 STAGE 3: writing markdown files
2026-08-03 21:19:30 [pipeline] INFO JOB add2bbe4 STAGE 3 DONE: 301 files written to data/31b31672/1aaecba1/, 0.0s
2026-08-03 21:19:30 [pipeline] INFO JOB add2bbe4 STAGE 4: enriching 301 sections
2026-08-03 21:19:36 [pipeline] DEBUG JOB add2bbe4 ENRICH 1/301: 01_dragon_warriors.md -> summary="This section presents the title page, credits, and table of " keywords=['dragon warriors', 'fantasy role-playing', 'character creation', 'fighters', 'wizards', 'table of contents']
2026-08-03 21:19:39 [pipeline] DEBUG JOB add2bbe4 ENRICH 2/301: 02_contents.md -> summary="This section of the Dragon Warriors RPG manual includes the " keywords=['dragon warriors', 'fantasy roleplay', 'character creation', 'fighters', 'wizards', 'knights', 'barbarians', 'sorcerers']
2026-08-03 21:19:41 [pipeline] DEBUG JOB add2bbe4 ENRICH 3/301: 03_chapter_1_fantasy_roleplay_13_weaponskill_27.md -> summary="This is the table of contents for the Dragon Warriors RPG ma" keywords=['dragon warriors', 'fantasy roleplay', 'character creation', 'fighters', 'wizards', 'weaponskill', 'swordmaster', 'barbarians']
2026-08-03 21:19:45 [pipeline] DEBUG JOB add2bbe4 ENRICH 4/301: 04_chapter_2_creating_a_character_17_barbarians_and_armour_28.md -> summary="This section outlines the process of creating a character in" keywords=['character creation', 'barbarians', 'armour', 'fighters', 'wizards', 'special abilities', 'track', 'berserk']
2026-08-03 21:19:49 [pipeline] DEBUG JOB add2bbe4 ENRICH 5/301: 05_chapter_3_the_fighters_25_mystics_and_armour_33.md -> summary="This section from the Dragon Warriors manual covers Chapter " keywords=['dragon warriors', 'fighters', 'knight', 'barbarian', 'swordmaster', 'weaponskill', 'track', 'berserk', 'ride warhorse', 'armour expert', 'disarm technique', 'expert parry', 'main gauche', 'master bowman', 'quick draw', 'mystics', 'armour']
2026-08-03 21:19:50 [pipeline] DEBUG JOB add2bbe4 ENRICH 6/301: 06_chapter_5_assassins_41_climbing_63.md -> summary="This section lists topics for chapters on Assassins, Climbin" keywords=['assassins', 'climbing', 'elemental resistance', 'warlocks', 'stealth', 'combat', 'magic', 'skills']
2026-08-03 21:19:53 [pipeline] DEBUG JOB add2bbe4 ENRICH 7/301: 07_chapter_6_in_the_beginning_50_terminating_a_spell_74.md -> summary="This is a table of contents for a Dragon Warriors RPG manual" keywords=['dragon warriors', 'elementalists', 'warlocks', 'assassins', 'combat', 'magic', 'skills', 'lands of legend']
2026-08-03 21:19:54 [pipeline] DEBUG JOB add2bbe4 ENRICH 8/301: 08_chapter_12.md -> summary="This section covers spell mechanics, game mastering rules, r" keywords=['spells', 'game mastering', 'rewards', 'items', 'lands of legend', 'magic', 'rules']
2026-08-03 21:19:58 [pipeline] DEBUG JOB add2bbe4 ENRICH 9/301: 09_chapter_10_the_book_of_spells_79_npc_weapons_and_equipment_133.md -> summary="This section of the Dragon Warriors manual covers spellcasti" keywords=['spells', 'sorcerer', 'mystic', 'elementalist', 'warlock', 'game mastering', 'npc weapons', 'equipment', 'lands of legend']
2026-08-03 21:20:01 [pipeline] DEBUG JOB add2bbe4 ENRICH 10/301: 10_chapter_11_gamesmastering_115_enchanted_armour_138.md -> summary="This section covers chapters 10-18 of the Dragon Warriors RP" keywords=['spells', 'game mastering', 'enchanted items', 'lands of legend', 'lore', 'court', 'campaign', 'travel']
2026-08-03 21:20:06 [pipeline] DEBUG JOB add2bbe4 ENRICH 11/301: 11_chapter_15_the_lore_of_legend_169_witnesses_191.md -> summary="This section covers legendary artifacts, places, and lore (C" keywords=['lore of legend', 'witnesses', 'court', 'languages', 'crime and punishment', 'campaign setting', 'travel and hazards']
2026-08-03 21:20:11 [pipeline] DEBUG JOB add2bbe4 ENRICH 12/301: 12_chapter_16_roman_britain_206.md -> summary="This section is a table of contents for the Dragon Warriors " keywords=['dragon warriors', 'rpg', 'table of contents', 'roman britain', 'lore', 'campaign', 'monsters', 'adventure']
2026-08-03 21:20:14 [pipeline] DEBUG JOB add2bbe4 ENRICH 13/301: 13_chapter_19_dracomen_240_necrochor_248.md -> summary="This section is a table of contents for Chapters 19 and 20 o" keywords=['dragon warriors', 'chapter 19', 'chapter 20', 'monsters of legend', 'dracomen', 'necrochor', 'adventure', 'bestiary']
2026-08-03 21:20:17 [pipeline] DEBUG JOB add2bbe4 ENRICH 14/301: 14_chapter_20_hellion_244_titan_251.md -> summary="This section discusses the essence of the Dragon Warriors RP" keywords=['dragon warriors', 'legend', 'fantasy', 'role-playing', 'monsters', 'medieval', 'flavor', 'dark']
2026-08-03 21:20:20 [pipeline] DEBUG JOB add2bbe4 ENRICH 15/301: 15_introdu_ction.md -> summary="The essence of Dragon Warriors lies not in its rules or worl" keywords=['dragon warriors', 'legend', 'flavor', 'dark fantasy', 'accessible', 'group story-creation', 'gamesmaster']
2026-08-03 21:20:22 [pipeline] DEBUG JOB add2bbe4 ENRICH 16/301: 16_chapter_1.md -> summary="This chapter introduces Dragon Warriors as a fantasy rolepla" keywords=['fantasy roleplaying', 'gamesmaster', 'non-player characters', 'imagination', 'adventure rules', 'computer rpgs', 'constraints']
2026-08-03 21:20:23 [pipeline] DEBUG JOB add2bbe4 ENRICH 17/301: 17_fantasy.md -> summary="This section introduces fantasy roleplaying games, explainin" keywords=['fantasy roleplaying', 'gamesmaster', 'non-player characters', 'imagination', 'computer rpgs', 'adventure rules', 'player characters']
2026-08-03 21:20:26 [pipeline] DEBUG JOB add2bbe4 ENRICH 18/301: 18_roleplay.md -> summary="This section introduces fantasy roleplaying games, explainin" keywords=['fantasy roleplaying', 'gamesmaster', 'polyhedral dice', 'character creation', 'roleplaying', 'campaign', 'dragon warriors']
2026-08-03 21:20:27 [pipeline] DEBUG JOB add2bbe4 ENRICH 19/301: 19_chapter_2.md -> summary="This chapter introduces the concept of roleplaying in Dragon" keywords=['roleplaying', 'character creation', 'personality', 'background', 'fantasy', 'adventure', 'dragon warriors']
2026-08-03 21:20:29 [pipeline] DEBUG JOB add2bbe4 ENRICH 20/301: 20_creating.md -> summary="This section explains the process of creating a character fo" keywords=['character creation', 'roleplaying', 'personality', 'background', 'attitudes', 'fantasy roleplaying', 'dragon warriors', 'alter-ego']
2026-08-03 21:20:33 [pipeline] DEBUG JOB add2bbe4 ENRICH 21/301: 21_a_character.md -> summary="This section explains how to create a character for Dragon W" keywords=['roleplaying', 'characteristics', 'strength', 'reflexes', 'intelligence', 'psychic talent', 'looks', 'profession']
2026-08-03 21:20:35 [pipeline] DEBUG JOB add2bbe4 ENRICH 22/301: 22_choosing_a.md -> summary="This section explains how to create a character in Dragon Wa" keywords=['character creation', 'characteristics', 'professions', 'dragon warriors', '3d6', 'background', 'hopeless characters']
2026-08-03 21:20:43 [pipeline] DEBUG JOB add2bbe4 ENRICH 23/301: 23_profession.md -> summary="This section explains how to create a character in Dragon Wa" keywords=['characteristics', 'professions', 'health points', 'combat factors', 'assassin', 'knight', 'barbarian', 'sorcerer']
2026-08-03 21:20:45 [pipeline] DEBUG JOB add2bbe4 ENRICH 24/301: 24_health_points.md -> summary="Health Points (HP) represent a character's vitality, decreas" keywords=['health points', 'hp', 'unconscious', 'death', 'recuperation', 'resting', 'profession', 'dice roll']
2026-08-03 21:20:47 [pipeline] DEBUG JOB add2bbe4 ENRICH 25/301: 25_the_combat_factors.md -> summary="This section explains how to determine a character's Health " keywords=['health points', 'attack', 'defence', 'magical attack', 'magical defence', 'evasion', 'profession', 'characteristic scores']
2026-08-03 21:20:48 [pipeline] DEBUG JOB add2bbe4 ENRICH 26/301: 26_magical_combat.md -> summary="This section explains magical attack and defence scores for " keywords=['magical attack', 'magical defence', 'evasion', 'intelligence', 'psychic talent', 'character classes', 'dodging']
2026-08-03 21:20:50 [pipeline] DEBUG JOB add2bbe4 ENRICH 27/301: 27_factors.md -> summary="This section explains how to determine a character's magical" keywords=['magical attack', 'magical defence', 'evasion', 'intelligence', 'psychic talent', 'character classes', 'characteristic scores']
2026-08-03 21:20:52 [pipeline] DEBUG JOB add2bbe4 ENRICH 28/301: 28_dodging.md -> summary="This section explains how to determine a character's magical" keywords=['dodging', 'magical attack', 'magical defence', 'evasion', 'stealth', 'perception', 'rank', 'characteristic scores']
2026-08-03 21:20:53 [pipeline] DEBUG JOB add2bbe4 ENRICH 29/301: 29_stealth_and.md -> summary="Stealth and perception scores vary by profession, with assas" keywords=['stealth', 'perception', 'assassins', 'reflexes', 'psychic talent', 'profession', 'scores']
2026-08-03 21:20:55 [pipeline] DEBUG JOB add2bbe4 ENRICH 30/301: 30_perception.md -> summary="This section explains stealth and perception scores for diff" keywords=['stealth', 'perception', 'profession', 'rank', 'equipment', 'background', 'character sheet', 'assassin']
2026-08-03 21:20:56 [pipeline] DEBUG JOB add2bbe4 ENRICH 31/301: 31_background.md -> summary="This section details stealth and perception scores for diffe" keywords=['stealth', 'perception', 'profession', 'rank', 'experience', 'equipment', 'background']
2026-08-03 21:20:59 [pipeline] DEBUG JOB add2bbe4 ENRICH 32/301: 32_character_sheet.md -> summary="This section details the process of creating a Dragon Warrio" keywords=['character creation', 'professions', 'stats', 'equipment', 'stealth', 'perception', 'rank', 'encumbrance']
2026-08-03 21:21:02 [pipeline] DEBUG JOB add2bbe4 ENRICH 33/301: 33_character_creation.md -> summary="This section details character creation for seven classes in" keywords=['character creation', 'classes', 'knights', 'barbarians', 'sorcerers', 'mystics', 'elementalists', 'warlocks', 'assassins', 'stats', 'abilities', 'equipment']
2026-08-03 21:21:05 [pipeline] DEBUG JOB add2bbe4 ENRICH 34/301: 34_summary.md -> summary="This section details character creation for Dragon Warriors," keywords=['character creation', 'knights', 'barbarians', 'sorcerers', 'mystics', 'warlocks', 'assassins', 'elementalists']
2026-08-03 21:21:07 [pipeline] DEBUG JOB add2bbe4 ENRICH 35/301: 35_chapter_3.md -> summary="This chapter introduces the two main fighter classes in Drag" keywords=['knights', 'barbarians', 'combat', 'chivalric code', 'warriors', 'fighters', 'mounted', 'wilderness']
2026-08-03 21:21:14 [pipeline] DEBUG JOB add2bbe4 ENRICH 36/301: 36_fighters.md -> summary="The chapter introduces two main fighter classes in the Drago" keywords=['fighters', 'knights', 'barbarians', 'combat', 'chivalric code', 'tactics', 'savagery', 'adventuring party']
2026-08-03 21:21:17 [pipeline] DEBUG JOB add2bbe4 ENRICH 37/301: 37_knights.md -> summary="This section introduces the Knight and Barbarian classes, de" keywords=['knights', 'barbarians', 'special abilities', 'track', 'berserk', 'disarm technique', 'swordmaster', 'ride warhorse']
2026-08-03 21:21:20 [pipeline] DEBUG JOB add2bbe4 ENRICH 38/301: 38_barbarians.md -> summary="Barbarians come from distant, inhospitable lands and are oft" keywords=['barbarians', 'track', 'berserk', 'ride warhorse', 'quick draw', 'bloodrage', 'code of honour']
2026-08-03 21:21:25 [pipeline] DEBUG JOB add2bbe4 ENRICH 39/301: 39_1_the_secondary_weapon_may_be_used_as_a_guard.md -> summary="This section details combat skills for Fighters and Knights," keywords=['expert parry', 'main gauche', 'master bowman', 'quick draw', 'swordmaster', 'barbarian', 'track', 'berserk', 'ride warhorse', 'bloodrage']
2026-08-03 21:21:27 [pipeline] DEBUG JOB add2bbe4 ENRICH 40/301: 40_2_the_character_can_strike_with_both_weapons_at_once.md -> summary="This section details character classes (Fighters, Barbarians" keywords=['fighters', 'barbarians', 'wizards', 'skills', 'combat', 'magic', 'bloodrage', 'weaponskill']
2026-08-03 21:21:29 [pipeline] DEBUG JOB add2bbe4 ENRICH 41/301: 41_chapter_4.md -> summary="This chapter describes the four magic-using professions in t" keywords=['sorcerers', 'elementalists', 'mystics', 'warlocks', 'magic points', 'fatigue', 'spellcasting', 'professions']
2026-08-03 21:21:32 [pipeline] DEBUG JOB add2bbe4 ENRICH 42/301: 42_wizards.md -> summary="The Dragon Warriors game features four wizard classes—Sorcer" keywords=['wizards', 'sorcerers', 'elementalists', 'mystics', 'warlocks', 'magic points', 'fatigue', 'scrolls']
2026-08-03 21:21:34 [pipeline] DEBUG JOB add2bbe4 ENRICH 43/301: 43_chapter_9_the_use_of_magic_for_full_details_of_sor.md -> summary="This section details the Sorcerer class, including their sch" keywords=['sorcerer', 'mystic', 'magic points', 'calligraphy', 'alchemy', 'artifice', 'wands', 'spell mastery']
2026-08-03 21:21:41 [pipeline] DEBUG JOB add2bbe4 ENRICH 44/301: 44_mystics.md -> summary="Mystics are spellcasters who rely on mental powers rather th" keywords=['mystics', 'premonition', 'esp', 'enchantment', 'adepthood', 'wands', 'spell mastery', 'psychic talent']
2026-08-03 21:21:44 [pipeline] DEBUG JOB add2bbe4 ENRICH 45/301: 45_elementalists.md -> summary="This section describes two magical professions: Elementalist" keywords=['elementalist', 'warlock', 'mystic', 'adept', 'elemental specialism', 'raw power', 'weapon groups', 'geases']
2026-08-03 21:21:46 [pipeline] DEBUG JOB add2bbe4 ENRICH 46/301: 46_chapter_10_the_book_of_spells_rank_he_chooses_two_weapon_groups_from_among.md -> summary="Warlocks are fighter-mages who combine sword and sorcery, sp" keywords=['warlocks', 'fighter-mages', 'weapon groups', 'simultaneous casting', 'armor', 'minimum requirements', 'intelligence', 'psychic talent']
2026-08-03 21:21:51 [pipeline] DEBUG JOB add2bbe4 ENRICH 47/301: 47_warlocks.md -> summary="Warlocks are fighter-mages who combine sword and sorcery, sp" keywords=['warlocks', 'fighter-mages', 'weapon groups', 'simultaneous casting', 'arrow cutting', 'fight blind', 'enchantment', 'ride warhorse']
2026-08-03 21:21:52 [pipeline] DEBUG JOB add2bbe4 ENRICH 48/301: 48_chapter_5.md -> summary="Assassins are stealthy, cunning warriors who use trickery an" keywords=['assassins', 'shadow warriors', 'stealth', 'trickery', 'poison', 'cunning', 'profession']
2026-08-03 21:21:55 [pipeline] DEBUG JOB add2bbe4 ENRICH 49/301: 49_the_shadow.md -> summary="Assassins are rare adventurers who rely on cunning, stealth," keywords=['assassin', 'stealth', 'trickery', 'poison', 'minimum requirements', 'reflexes', 'intelligence', 'psychic talent', 'armour penalty']
2026-08-03 21:21:58 [pipeline] DEBUG JOB add2bbe4 ENRICH 50/301: 50_warriors.md -> summary="The Assassin class in Dragon Warriors is a stealthy, cunning" keywords=['assassin', 'stealth', 'combat techniques', 'mental techniques', 'meditational techniques', 'alchemical techniques', 'skills', 'shock attack']
2026-08-03 21:22:00 [pipeline] DEBUG JOB add2bbe4 ENRICH 51/301: 51_chapter_6.md -> summary="This chapter provides methods for generating player-characte" keywords=['character background', 'social class', 'dice rolls', 'life history', 'campaign balance', 'noble', 'peasant', 'backstory generation']
2026-08-03 21:22:02 [pipeline] DEBUG JOB add2bbe4 ENRICH 52/301: 52_in_the.md -> summary="This chapter provides a method for generating a character's " keywords=['character background', 'life history', 'social class', 'dice rolls', 'campaign', 'rpg', 'dragon warriors']
2026-08-03 21:22:05 [pipeline] DEBUG JOB add2bbe4 ENRICH 53/301: 53_beginning.md -> summary="This chapter provides rules for generating a character's bac" keywords=['background', 'social class', 'nobility', 'gentry', 'freeman', 'serf', 'literacy', 'languages']
2026-08-03 21:22:07 [pipeline] DEBUG JOB add2bbe4 ENRICH 54/301: 54_chapter_7.md -> summary="This chapter advises players on adventuring strategy, emphas" keywords=['adventuring strategy', 'gathering information', 'planning', 'npc adventurers', 'hirelings', 'player-characters', 'treasure share']
2026-08-03 21:22:08 [pipeline] DEBUG JOB add2bbe4 ENRICH 55/301: 55_adventure.md -> summary="This section covers adventure strategy, including player bri" keywords=['adventure', 'strategy', 'npc adventurers', 'illumination', 'battle order', 'stealth', 'perception', 'combat']
2026-08-03 21:22:10 [pipeline] DEBUG JOB add2bbe4 ENRICH 56/301: 56_chapter_8.md -> summary="Combat in Dragon Warriors involves hit rolls, armour bypass " keywords=['combat', 'hit roll', 'armour bypass roll', 'combat round', 'attack score', 'defence score', 'critical hit']
2026-08-03 21:22:13 [pipeline] DEBUG JOB add2bbe4 ENRICH 57/301: 57_the_rules.md -> summary="The text outlines the fundamental combat rules for Dragon Wa" keywords=['combat', 'hit roll', 'armour bypass', 'combat round', 'attack score', 'defence score', 'armour factor', 'critical hit']
2026-08-03 21:22:15 [pipeline] DEBUG JOB add2bbe4 ENRICH 58/301: 58_of_combat.md -> summary="This section explains the basic combat procedure in Dragon W" keywords=['combat', 'hit roll', 'armour bypass roll', 'critical hit', 'combat round', 'attack score', 'defence score', 'health points']
2026-08-03 21:22:18 [pipeline] DEBUG JOB add2bbe4 ENRICH 59/301: 59_1_the_attacker_rolls_1d20_to_determine_whether_he_hits.md -> summary="This section explains the basic combat procedure in Dragon W" keywords=['hit roll', 'armour bypass roll', 'combat round', 'attack score', 'defence score', 'critical hit', 'armour factor', 'damage rating']
2026-08-03 21:22:20 [pipeline] DEBUG JOB add2bbe4 ENRICH 60/301: 60_2_if_an_attacker_scores_a_hit_he_rolls_to_see_whether_the_armour_type_armour_factor.md -> summary="Combat involves a hit roll (1d20 ≤ attack minus defense, wit" keywords=['hit roll', 'armour bypass roll', 'critical hit', 'armour factor', 'health points', 'combat round', 'attack score', 'defence score']
2026-08-03 21:22:22 [pipeline] DEBUG JOB add2bbe4 ENRICH 61/301: 61_3_a_blow_which_gets_through_armour_inflicts_a_wound_mail_hauberk_3.md -> summary="This section details the fundamental combat rules of Dragon " keywords=['combat', 'hit roll', 'armour bypass', 'critical hit', 'health points', 'weapons', 'shields', 'evasion']
2026-08-03 21:22:25 [pipeline] DEBUG JOB add2bbe4 ENRICH 62/301: 62_chapter_9.md -> summary="This section explains how magic works in the Lands of Legend" keywords=['magic points', 'spells', 'sorcerer', 'elementalist', 'mystic', 'warlock', 'rank', 'regeneration']
2026-08-03 21:22:28 [pipeline] DEBUG JOB add2bbe4 ENRICH 63/301: 63_the_use.md -> summary="Magic is uncommon in the Lands of Legend, and casting spells" keywords=['magic', 'sorcerer', 'elementalist', 'warlock', 'mystic', 'magic points', 'spells', 'rank']
2026-08-03 21:22:30 [pipeline] DEBUG JOB add2bbe4 ENRICH 64/301: 64_of_magic.md -> summary="This section details the mechanics of spellcasting for diffe" keywords=['magic points', 'spell levels', 'psychic fatigue', 'spell expiry', 'elementalists', 'mystics', 'sorcerers', 'warlocks']
2026-08-03 21:22:32 [pipeline] DEBUG JOB add2bbe4 ENRICH 65/301: 65_18_caedmon_now_cannot_cast_spells_until_the_following.md -> summary="This section details the mechanics of magic in Dragon Warrio" keywords=['psychic fatigue', 'spell expiry roll', 'mystic', 'elementalist', 'warlock', 'magic points', 'spell failure', 'terminating spells']
2026-08-03 21:22:34 [pipeline] DEBUG JOB add2bbe4 ENRICH 66/301: 66_chapter_10.md -> summary="This section lists all spells usable by sorcerers, noting th" keywords=['sorcerer', 'spells', 'levels', 'magic points', 'rank', 'index', 'casting']
2026-08-03 21:22:37 [pipeline] DEBUG JOB add2bbe4 ENRICH 67/301: 67_the_book.md -> summary="This section lists all sorcerer spells by level, noting that" keywords=['sorcerer', 'spells', 'level', 'magic points', 'rank', 'list', 'casting']
2026-08-03 21:22:44 [pipeline] DEBUG JOB add2bbe4 ENRICH 68/301: 68_of_spells.md -> summary="This section lists sorcerer spells by level from one to ten," keywords=['spells', 'sorcerer', 'magic points', 'level', 'rank', 'spell list']
2026-08-03 21:22:49 [pipeline] DEBUG JOB add2bbe4 ENRICH 69/301: 69_sorcerer_spells.md -> summary="This section lists all spells usable by Sorcerers, organized" keywords=['sorcerer', 'spells', 'level', 'magic points', 'rank', 'casting', 'index']
2026-08-03 21:22:52 [pipeline] DEBUG JOB add2bbe4 ENRICH 70/301: 70_deathlight.md -> summary="This section lists all spells usable by sorcerers, noting th" keywords=['sorcerer', 'spells', 'level', 'magic points', 'rank', 'deathlight', 'index']
2026-08-03 21:22:57 [pipeline] DEBUG JOB add2bbe4 ENRICH 71/301: 71_stasis.md -> summary="STASIS is a level 7 Sorcerer spell, requiring 7 Magic Points" keywords=['sorcerer', 'level 7', 'magic points', 'rank', 'stasis']
2026-08-03 21:23:00 [pipeline] DEBUG JOB add2bbe4 ENRICH 72/301: 72_vorpal_blade.md -> summary="This section lists all spells available to Sorcerers, noting" keywords=['sorcerer spells', 'spell level', 'magic points', 'rank', 'spell index']
2026-08-03 21:23:12 [pipeline] DEBUG JOB add2bbe4 ENRICH 73/301: 73_dragonbreath_antidote_astral_gate.md -> summary="This section lists all spells usable by Sorcerers, noting th" keywords=['sorcerer', 'spells', 'level', 'magic points', 'rank', 'index', 'dragonbreath', 'astral gate']
2026-08-03 21:23:16 [pipeline] DEBUG JOB add2bbe4 ENRICH 74/301: 74_image_curse_bastion.md -> summary="This section lists all spells usable by Sorcerers, organized" keywords=['sorcerer', 'spells', 'spell levels', 'magic points', 'rank', 'casting', 'index']
2026-08-03 21:23:24 [pipeline] DEBUG JOB add2bbe4 ENRICH 75/301: 75_lesser_healing_disease_burden.md -> summary="This section lists all spells available to sorcerers, explai" keywords=['sorcerer', 'spells', 'levels', 'magic points', 'rank', 'casting', 'spell list']
2026-08-03 21:23:26 [pipeline] DEBUG JOB add2bbe4 ENRICH 76/301: 76_moonglow_oracle_destrier.md -> summary="This section lists all spells usable by Sorcerers, noting th" keywords=['sorcerer spells', 'spell level', 'magic points', 'rank', 'index']
2026-08-03 21:23:34 [pipeline] DEBUG JOB add2bbe4 ENRICH 77/301: 77_portal_shadowbolt_evil_eye.md -> summary="This section lists sorcerer spells by level, noting that a s" keywords=['sorcerer', 'spells', 'levels', 'magic points', 'rank', 'spell list']
2026-08-03 21:23:37 [pipeline] DEBUG JOB add2bbe4 ENRICH 78/301: 78_weaken_wall_of_magic_rune.md -> summary="This section lists all spells usable by Sorcerers, organized" keywords=['weaken wall of magic rune', 'sorcerer spells', 'spell level', 'magic points', 'rank', 'spell list']
2026-08-03 21:23:40 [pipeline] DEBUG JOB add2bbe4 ENRICH 79/301: 79_detect_aura_banish_animate_bones.md -> summary="This section lists all spells usable by Sorcerers, organized" keywords=['sorcerer', 'spells', 'level', 'magic points', 'rank', 'detect aura', 'banish', 'animate bones']
2026-08-03 21:23:44 [pipeline] DEBUG JOB add2bbe4 ENRICH 80/301: 80_hold_off_the_dead_divination_battlemaster.md -> summary="This section lists all spells usable by Sorcerers, noting th" keywords=['sorcerer spells', 'spell level', 'magic points', 'rank', 'index', 'hold off the dead', 'divination', 'battlemaster']
2026-08-03 21:23:47 [pipeline] DEBUG JOB add2bbe4 ENRICH 81/301: 81_inflict_wound_fossilize_firestorm.md -> summary="This section lists all spells usable by Sorcerers, where a s" keywords=['sorcerer', 'spells', 'level', 'magic points', 'rank', 'spell list']
2026-08-03 21:23:51 [pipeline] DEBUG JOB add2bbe4 ENRICH 82/301: 82_peer_mantlet_invisibility.md -> summary="This section explains that a sorcerer's spell level equals t" keywords=['sorcerer', 'spells', 'level', 'magic points', 'rank', 'peer mantlet invisibility']
2026-08-03 21:23:53 [pipeline] DEBUG JOB add2bbe4 ENRICH 83/301: 83_tangleroots_reanimate_the_dead_miracle_cure.md -> summary="This section lists all sorcerer spells organized by level, n" keywords=['sorcerer spells', 'spell level', 'magic points', 'rank', 'casting', 'spell list']
2026-08-03 21:23:57 [pipeline] DEBUG JOB add2bbe4 ENRICH 84/301: 84_warding_transfix_raise_fog.md -> summary="This section lists all sorcerer spells organized by level, e" keywords=['sorcerer', 'spells', 'level', 'magic points', 'rank', 'casting']
2026-08-03 21:24:03 [pipeline] DEBUG JOB add2bbe4 ENRICH 85/301: 85_banquet_armour_doppelganger.md -> summary="This section lists all spells usable by Sorcerers, noting th" keywords=['sorcerer', 'spells', 'level', 'magic points', 'rank', 'casting']
2026-08-03 21:24:07 [pipeline] DEBUG JOB add2bbe4 ENRICH 86/301: 86_beacon_cure_disease_hecatomb.md -> summary="This section lists all spells usable by Sorcerers, organized" keywords=['sorcerer', 'spells', 'level', 'magic points', 'rank', 'beacon', 'cure disease', 'hecatomb']
2026-08-03 21:24:10 [pipeline] DEBUG JOB add2bbe4 ENRICH 87/301: 87_command_dishearten_pentacle_of_entrapment.md -> summary="This section lists all sorcerer spells by level, noting that" keywords=['sorcerer', 'spells', 'level', 'magic points', 'rank', 'casting', 'list']
2026-08-03 21:24:18 [pipeline] DEBUG JOB add2bbe4 ENRICH 88/301: 88_greater_healing_dispel_magic_resurrect.md -> summary="This section lists sorcerer spells organized by level, from " keywords=['sorcerer', 'spells', 'level', 'magic', 'rank', 'healing', 'resurrection', 'dispel']
2026-08-03 21:24:23 [pipeline] DEBUG JOB add2bbe4 ENRICH 89/301: 89_illusion_phantasm_scry.md -> summary="This section lists all spells usable by sorcerers, organized" keywords=['sorcerer', 'spells', 'level', 'magic points', 'rank', 'illusion', 'phantasm', 'scry']
2026-08-03 21:24:25 [pipeline] DEBUG JOB add2bbe4 ENRICH 90/301: 90_wolfcall_sword_of_damocles_transform.md -> summary="This section lists all Sorcerer spells by level, noting that" keywords=['sorcerer spells', 'spell levels', 'magic points', 'rank', 'spell descriptions', 'mystic spells']
2026-08-03 21:24:29 [pipeline] DEBUG JOB add2bbe4 ENRICH 91/301: 91_mystic_spells.md -> summary="This section lists mystic spells by level, from one to nine," keywords=['mystic', 'spells', 'levels', 'invigorate', 'mirage', 'enchantment', 'animation', 'darksight']
2026-08-03 21:24:31 [pipeline] DEBUG JOB add2bbe4 ENRICH 92/301: 92_mirage_enthrall_duel.md -> summary="This section details Mystic spells across levels one to nine" keywords=['mystic', 'spells', 'mirage', 'enchantment', 'suspended animation', 'darksight', 'invigorate']
2026-08-03 21:24:38 [pipeline] DEBUG JOB add2bbe4 ENRICH 93/301: 93_see_enchantment_hidden_target_levitation.md -> summary="This section from the Dragon Warriors RPG manual describes M" keywords=['mystic', 'spells', 'invigorate', 'mirage', 'see enchantment', 'suspended animation', 'darksight', 'telepathy']
2026-08-03 21:24:51 [pipeline] DEBUG JOB add2bbe4 ENRICH 94/301: 94_suspended_animation_telepathy_paralysis.md -> summary="This section from Dragon Warriors describes several Level On" keywords=['dragon warriors', 'mystic spells', 'invigorate', 'mirage', 'see enchantment', 'suspended animation', 'telepathy', 'paralysis']
2026-08-03 21:24:57 [pipeline] DEBUG JOB add2bbe4 ENRICH 95/301: 95_protection.md -> summary="This section of the Dragon Warriors RPG manual details mysti" keywords=['dragon warriors', 'mystic spells', 'invigorate', 'mirage', 'see enchantment', 'suspended animation', 'darksight', 'protection']
2026-08-03 21:25:01 [pipeline] DEBUG JOB add2bbe4 ENRICH 96/301: 96_dazzle_mystic_blast_intangibility.md -> summary="This section from the Dragon Warriors RPG describes mystic s" keywords=['dragon warriors', 'mystic spells', 'invigorate', 'mirage', 'see enchantment', 'suspended animation', 'darksight']
2026-08-03 21:25:17 [pipeline] DEBUG JOB add2bbe4 ENRICH 97/301: 97_might_pass_unseen_mindpool.md -> summary="The manual lists spells of various levels for the Mystic cla" keywords=['might', 'pass unseen', 'mindpool', 'mystic', 'level two', 'spell']
2026-08-03 21:25:23 [pipeline] DEBUG JOB add2bbe4 ENRICH 98/301: 98_pursuit_truthsense_swiftness.md -> summary="This section of the Dragon Warriors RPG manual lists Mystic " keywords=['mystic spells', 'invigorate', 'mirage', 'see enchantment', 'suspended animation', 'darksight', 'pursuit', 'truthsense', 'swiftness']
2026-08-03 21:25:26 [pipeline] DEBUG JOB add2bbe4 ENRICH 99/301: 99_trance.md -> summary="This section describes Mystic spells in Dragon Warriors, org" keywords=['dragon warriors', 'mystic', 'spells', 'trance', 'invigorate', 'mirage', 'see enchantment', 'suspended animation']
2026-08-03 21:25:30 [pipeline] DEBUG JOB add2bbe4 ENRICH 100/301: 100_mind_cloak_purification_impregnable_sphere.md -> summary="This section from the Dragon Warriors RPG manual describes m" keywords=['dragon warriors', 'mystic spells', 'invigorate', 'mirage', 'see enchantment', 'suspended animation', 'darksight', 'mind cloak', 'purification', 'impregnable sphere']
2026-08-03 21:25:42 [pipeline] DEBUG JOB add2bbe4 ENRICH 101/301: 101_nourish_steel_claw_phoenix.md -> summary="This section of the Dragon Warriors RPG manual lists mystic " keywords=['mystic spells', 'invigorate', 'mirage', 'see enchantment', 'suspended animation', 'darksight', 'health points', 'illusion']
2026-08-03 21:25:46 [pipeline] DEBUG JOB add2bbe4 ENRICH 102/301: 102_telekinesis_survival_teleport.md -> summary="This section from Dragon Warriors lists Mystic spells by lev" keywords=['telekinesis', 'survival', 'teleport', 'mystic spells', 'dragon warriors', 'invigorate', 'mirage', 'darksight']
2026-08-03 21:25:49 [pipeline] DEBUG JOB add2bbe4 ENRICH 103/301: 103_thunderclap.md -> summary="This section details the Mystic spells of Dragon Warriors, o" keywords=['mystic spells', 'dragon warriors', 'thunderclap', 'spell levels', 'psychic energy', 'combat']
2026-08-03 21:25:53 [pipeline] DEBUG JOB add2bbe4 ENRICH 104/301: 104_elementalist_spells.md -> summary="This section lists Elementalist spells organized by element " keywords=['elementalist', 'spells', 'earth', 'fire', 'air', 'darkness', 'water', 'thunderclap']
2026-08-03 21:26:01 [pipeline] DEBUG JOB add2bbe4 ENRICH 105/301: 105_1_abundance_1_candle.md -> summary="This section lists spells for five elementalist schools (Ear" keywords=['elementalist', 'spells', 'earth', 'fire', 'air', 'darkness', 'water', 'thunderclap']
2026-08-03 21:26:04 [pipeline] DEBUG JOB add2bbe4 ENRICH 106/301: 106_2_spider_magic_2_pyrotechnics.md -> summary="This section describes level 2 elementalist spells Spider Ma" keywords=['spider magic', 'pyrotechnics', 'elementalist spells', 'thunderclap', 'spell damage', 'stone wall', 'hp damage', 'evasion']
2026-08-03 21:26:15 [pipeline] DEBUG JOB add2bbe4 ENRICH 107/301: 107_3_forest_murmurs_3_fire_arrow.md -> summary="Fire Arrow is a level 3 Fire Elementalist spell that inflict" keywords=['fire arrow', 'fire elementalist', 'damage', 'speed 12', 'evasion', 'armor']
2026-08-03 21:26:20 [pipeline] DEBUG JOB add2bbe4 ENRICH 108/301: 108_4_create_bog_4_sheet_of_flame.md -> summary="This section lists elementalist spells for Earth, Fire, Air," keywords=['spells', 'elementalist', 'earth', 'fire', 'air', 'water', 'darkness', 'thunderclap']
2026-08-03 21:26:36 [pipeline] DEBUG JOB add2bbe4 ENRICH 109/301: 109_5_roots_5_protection_from_fire.md -> summary="Protection from Fire is a level 5 Fire Elementalist spell li" keywords=['protection', 'fire', 'spell', 'elementalist', 'level 5', 'book of spells']
2026-08-03 21:26:42 [pipeline] DEBUG JOB add2bbe4 ENRICH 110/301: 110_6_rock_wall_6_extinguish.md -> summary="This section lists elementalist spells for Earth, Fire, Air," keywords=['rock wall', 'extinguish', 'thunderclap', 'elementalist', 'spells', 'earth', 'fire', 'air']
2026-08-03 21:26:49 [pipeline] DEBUG JOB add2bbe4 ENRICH 111/301: 111_7_fissure_7_flash.md -> summary="The section describes the Fissure and Flash spells, includin" keywords=['fissure', 'flash', 'thunderclap', 'elementalist', 'spells', 'damage', 'wall', 'levels']
2026-08-03 21:26:52 [pipeline] DEBUG JOB add2bbe4 ENRICH 112/301: 112_8_give_up_the_dead_8_fire_weapon.md -> summary="This section lists spells for five elementalist types (Earth" keywords=['spells', 'elementalist', 'earth', 'fire', 'air', 'darkness', 'water', 'levels']
2026-08-03 21:26:55 [pipeline] DEBUG JOB add2bbe4 ENRICH 113/301: 113_9_tremor_9_conflagration.md -> summary="This section lists level 9 spells for Earth and Fire Element" keywords=['tremor', 'conflagration', 'elementalist', 'spells', 'earth', 'fire', 'level 9']
2026-08-03 21:26:58 [pipeline] DEBUG JOB add2bbe4 ENRICH 114/301: 114_10_summon_the_man_of_stone_10_summon_the_holocaust.md -> summary="This section lists elementalist spells for Earth, Fire, Air," keywords=['elementalist spells', 'earth', 'fire', 'air', 'darkness', 'water', 'summon', 'spell list']
2026-08-03 21:27:05 [pipeline] DEBUG JOB add2bbe4 ENRICH 115/301: 115_1_cutting_power_of_the_mind_1_catspaw.md -> summary="This section describes the 'Cutting Power of the Mind' spell" keywords=['cutting power of the mind', 'catspaw', 'elementalist spells', 'air', 'darkness', 'water', 'earth', 'fire']
2026-08-03 21:27:11 [pipeline] DEBUG JOB add2bbe4 ENRICH 116/301: 116_2_stargaze_2_darkeyes.md -> summary="This section describes the Thunderclap spell and lists the s" keywords=['stargaze', 'darkeyes', 'thunderclap', 'elementalist spells', 'air', 'darkness']
2026-08-03 21:27:25 [pipeline] DEBUG JOB add2bbe4 ENRICH 117/301: 117_3_false_rumours_3_benight.md -> summary="This section describes the Thunderclap spell's effects and l" keywords=['thunderclap', 'false rumours', 'benight', 'elementalist spells', 'air', 'darkness', 'spell levels']
2026-08-03 21:27:27 [pipeline] DEBUG JOB add2bbe4 ENRICH 118/301: 118_4_windwall_4_curtain_of_night.md -> summary="This section lists elementalist spells by element and level," keywords=['elementalist spells', 'earth', 'fire', 'air', 'darkness', 'water', 'thunderclap', 'spell list']
2026-08-03 21:27:31 [pipeline] DEBUG JOB add2bbe4 ENRICH 119/301: 119_5_summon_the_host_of_the_air_5_javelin_of_darkness.md -> summary="This section lists elementalist spells for Air, Darkness, Ea" keywords=['elementalist', 'spells', 'air', 'darkness', 'earth', 'fire', 'water', 'thunderclap']
2026-08-03 21:27:35 [pipeline] DEBUG JOB add2bbe4 ENRICH 120/301: 120_6_intangibility_6_shadowfall.md -> summary="This section describes the Thunderclap spell, which inflicts" keywords=['thunderclap', 'elementalist spells', 'intangibility', 'shadowfall', 'damage', 'stone wall', 'spell list']
2026-08-03 21:27:46 [pipeline] DEBUG JOB add2bbe4 ENRICH 121/301: 121_7_garrotte_7_summon_the_creatures_of_the.md -> summary="This section describes the Garrotte spell, which deals 6d6+6" keywords=['garrotte', 'summon the creatures of the night', 'elementalist spells', 'earth elementalist', 'fire elementalist', 'air elementalist', 'darkness elementalist', 'water elementalist']
2026-08-03 21:27:48 [pipeline] DEBUG JOB add2bbe4 ENRICH 122/301: 122_8_flight_night.md -> summary="This section lists elementalist spells by element (Earth, Fi" keywords=['flight night', 'elementalist spells', 'thunderclap', 'earth', 'fire', 'air', 'darkness', 'water']
2026-08-03 21:27:58 [pipeline] DEBUG JOB add2bbe4 ENRICH 123/301: 123_9_spin_8_eclipse_of_the_moon.md -> summary="This section describes the Thunderclap spell, which deals 6d" keywords=['thunderclap', 'elementalist', 'spells', 'air', 'darkness', 'spin', 'eclipse of the moon', 'damage']
2026-08-03 21:28:08 [pipeline] DEBUG JOB add2bbe4 ENRICH 124/301: 124_10_banshee_9_shadow_self.md -> summary="This section lists spells for five elementalist schools (Ear" keywords=['banshee', 'shadow self', 'thunderclap', 'earth', 'fire', 'air', 'water', 'darkness']
2026-08-03 21:28:10 [pipeline] DEBUG JOB add2bbe4 ENRICH 125/301: 125_10_summon_balor_prince_of.md -> summary="This section lists elementalist spells by level for Earth, F" keywords=['elementalist spells', 'earth', 'fire', 'air', 'water', 'darkness', 'summon', 'balor']
2026-08-03 21:28:17 [pipeline] DEBUG JOB add2bbe4 ENRICH 126/301: 126_1_rain.md -> summary="This section lists elementalist spells by level for Earth, F" keywords=['elementalist spells', 'rain', 'thunderclap', 'damage', 'stone walls', 'evasion', 'hp', 'spell levels']
2026-08-03 21:28:22 [pipeline] DEBUG JOB add2bbe4 ENRICH 127/301: 127_2_wave_mastery.md -> summary="Wave Mastery is a water elementalist spell that deals 6d6+6 " keywords=['water elementalist', 'spell', 'damage', 'armor penetration', 'wall destruction', 'thunderclap']
2026-08-03 21:28:24 [pipeline] DEBUG JOB add2bbe4 ENRICH 128/301: 128_3_icewall.md -> summary="ICEWALL is a level 3 Water Elementalist spell listed in the " keywords=['icewall', 'water elementalist', 'level 3', 'spell', 'elementalist spells']
2026-08-03 21:28:31 [pipeline] DEBUG JOB add2bbe4 ENRICH 129/301: 129_4_walk_on_water.md -> summary="This section lists elementalist spells by element and level," keywords=['elementalist', 'spells', 'walk on water', 'earth', 'fire', 'air', 'darkness', 'water']
2026-08-03 21:28:36 [pipeline] DEBUG JOB add2bbe4 ENRICH 130/301: 130_5_ice_spear.md -> summary="Ice Spear is a level 5 Water Elementalist spell that deals 6" keywords=['ice spear', 'water elementalist', 'spell', 'damage', 'speed 12', 'evasion', 'unenchanted armor', 'enchanted armor', 'smash hole', 'stone wall']
2026-08-03 21:28:39 [pipeline] DEBUG JOB add2bbe4 ENRICH 131/301: 131_6_breathe_under_water.md -> summary="This section lists elementalist spells by level for Earth, F" keywords=['spells', 'elementalist', 'earth', 'fire', 'air', 'darkness', 'water', 'breathe under water', 'levels', 'thunderclap']
2026-08-03 21:28:43 [pipeline] DEBUG JOB add2bbe4 ENRICH 132/301: 132_7_blizzard.md -> summary="This section lists elementalist spells for Earth, Fire, Air," keywords=['elementalist', 'spells', 'earth', 'fire', 'air', 'water', 'darkness', 'blizzard']
2026-08-03 21:28:45 [pipeline] DEBUG JOB add2bbe4 ENRICH 133/301: 133_8_freeze.md -> summary="FREEZE is a level 8 Water Elementalist spell, but no further" keywords=['freeze', 'water', 'elementalist', 'spell', 'level 8']
2026-08-03 21:28:47 [pipeline] DEBUG JOB add2bbe4 ENRICH 134/301: 134_9_lightning.md -> summary="Lightning is a level 9 Water Elementalist spell that deals 6" keywords=['lightning', 'water elementalist', 'spell', 'damage', 'armor', 'thunderclap', 'stone wall']
2026-08-03 21:28:54 [pipeline] DEBUG JOB add2bbe4 ENRICH 135/301: 135_10_summon_tsunami.md -> summary="A level 10 Water Elementalist spell that summons a devastati" keywords=['summon tsunami', 'water elementalist', 'level 10', 'tsunami', 'spell', 'elementalist']
2026-08-03 21:28:57 [pipeline] DEBUG JOB add2bbe4 ENRICH 136/301: 136_1_abundance_he_is_being_followed_may_cast_the_spell_on_a_large.md -> summary="This section details five Earth Spells for Dragon Warriors, " keywords=['earth spells', 'abundance', 'spider magic', 'forest murmurs', 'create bog', 'roots', 'darkness elementalist', 'spell expiry roll']
2026-08-03 21:28:59 [pipeline] DEBUG JOB add2bbe4 ENRICH 137/301: 137_2_spider_magic_wishing_to_escape_embogment_should_make_a_d20.md -> summary="This section details five Earth Elementalist spells: Abundan" keywords=['earth spells', 'elementalist', 'abundance', 'spider magic', 'forest murmurs', 'create bog', 'roots', 'darkness variant']
2026-08-03 21:29:01 [pipeline] DEBUG JOB add2bbe4 ENRICH 138/301: 138_3_forest_murmurs.md -> summary="This section describes eight Earth spells for Dragon Warrior" keywords=['earth spells', 'elementalist', 'darkness', 'abundance', 'spider magic', 'forest murmurs', 'create bog', 'roots']
2026-08-03 21:29:03 [pipeline] DEBUG JOB add2bbe4 ENRICH 139/301: 139_6_rock_wall_into_it_1d6_damage_anyone_trying_to_jump_the.md -> summary="This section describes several spells including Rock Wall, F" keywords=['rock wall', 'fissure', 'give up the dead', 'tremor', 'summon the man of stone', 'darkness', 'elementalist', 'spell expiry roll']
2026-08-03 21:29:06 [pipeline] DEBUG JOB add2bbe4 ENRICH 140/301: 140_9_tremor.md -> summary="The Tremor spell creates an escalating earthquake in a 10m r" keywords=['tremor', 'earthquake', 'spell', 'damage progression', 'area of effect', 'spell expiry roll', 'destruction', 'darkness variant']
2026-08-03 21:29:08 [pipeline] DEBUG JOB add2bbe4 ENRICH 141/301: 141_1_cutting_power_of_the_mind_darkness_the_sound_created_is_always_that_of_a.md -> summary="This section describes five Air spells for elementalists, in" keywords=['air spells', 'elementalist', 'aeolian harp', 'darkness', 'intelligence', 'illusions', 'windwall', 'summon']
2026-08-03 21:29:10 [pipeline] DEBUG JOB add2bbe4 ENRICH 142/301: 142_2_stargaze_take_1d8_points_of_damage_armour_does_not_pro.md -> summary="This section describes five Air Spells for elementalists, in" keywords=['air spells', 'cutting power of the mind', 'stargaze', 'false rumours', 'windwall', 'summon the host of the air', 'darkness', 'aeolian harp']
2026-08-03 21:29:13 [pipeline] DEBUG JOB add2bbe4 ENRICH 143/301: 143_3_false_rumours_5_a_bird_of_prey_that_could_attack_an_opponent.md -> summary="This section describes various Air Spells for elementalists," keywords=['air spells', 'elementalist', 'darkness', 'flight', 'wind', 'illusion', 'summon', 'banshee']
2026-08-03 21:29:15 [pipeline] DEBUG JOB add2bbe4 ENRICH 144/301: 144_6_intangibility_into_the_ground_from_a_great_height_a_convenient.md -> summary="This section describes several spells for Dragon Warriors, i" keywords=['intangibility', 'garrotte', 'flight', 'spin', 'banshee', 'darkness elementalist', 'water spells', 'spell expiry roll']
2026-08-03 21:29:18 [pipeline] DEBUG JOB add2bbe4 ENRICH 145/301: 145_10_banshee.md -> summary="The Banshee is a summoned vortex of shrieking wind that deaf" keywords=['banshee', 'elementalist', 'wind', 'implosion', 'deafen', 'death', 'darkness', 'experience points']
2026-08-03 21:29:20 [pipeline] DEBUG JOB add2bbe4 ENRICH 146/301: 146_7_garrotte_the_elementalist_may_summon_a_banshee_an_ani.md -> summary="This section describes several spells for the Elementalist c" keywords=['elementalist', 'garrotte', 'flight', 'intangibility', 'spin', 'banshee', 'darkness', 'spells']
2026-08-03 21:29:25 [pipeline] DEBUG JOB add2bbe4 ENRICH 147/301: 147_8_flight_darkness_elementalist_costs_the_caster_10100.md -> summary="This section details spells for Darkness and Water Elemental" keywords=['darkness elementalist', 'water elementalist', 'flight', 'intangibility', 'banshee', 'icewall', 'blizzard']
2026-08-03 21:29:29 [pipeline] DEBUG JOB add2bbe4 ENRICH 148/301: 148_1_rain_4_walk_on_water.md -> summary="This section describes seven water-related spells for Elemen" keywords=['elementalist', 'water', 'rain', 'wave', 'ice', 'walk on water', 'blizzard', 'darkness']
2026-08-03 21:29:31 [pipeline] DEBUG JOB add2bbe4 ENRICH 149/301: 149_2_wave_mastery_before_the_effects_of_the_spell_wear_off.md -> summary="This section details water and ice spells for Elementalists," keywords=['rain', 'wave mastery', 'icewall', 'walk on water', 'ice spear', 'breathe under water', 'blizzard', 'darkness']
2026-08-03 21:29:35 [pipeline] DEBUG JOB add2bbe4 ENRICH 150/301: 150_3_icewall_stretch_at_the_end_of_this_period_he_will_have_to.md -> summary="This section details Water and Fire Elementalist spells, inc" keywords=['water elementalist', 'fire elementalist', 'spells', 'ice', 'lightning', 'tidal wave', 'darkness', 'elemental magic']
2026-08-03 21:29:40 [pipeline] DEBUG JOB add2bbe4 ENRICH 151/301: 151_3_create_a_force_field_anyone_entering_within_a_radius_of.md -> summary="This section details various Water Elementalist spells such " keywords=['water elementalist', 'fire elementalist', 'force field', 'darkness', 'freeze', 'lightning', 'tidal wave', 'candle']
2026-08-03 21:29:41 [pipeline] DEBUG JOB add2bbe4 ENRICH 152/301: 152_10_summon_tidal_wave.md -> summary="The caster creates a 10m-high wall of water from a lake or s" keywords=['summon tidal wave', 'water elementalist', 'devastation', 'shipping', 'coastal towns', 'health points damage', 'darkness variant', 'tsunami']
2026-08-03 21:29:44 [pipeline] DEBUG JOB add2bbe4 ENRICH 153/301: 153_8_freeze.md -> summary="Freeze is an offensive water spell that immobilizes a target" keywords=['freeze', 'offensive', 'immobilize', 'shock', 'death', 'darkness', 'speed']
2026-08-03 21:29:45 [pipeline] DEBUG JOB add2bbe4 ENRICH 154/301: 154_9_lightning.md -> summary="The Lightning spell allows an Elementalist to use a charged " keywords=['lightning', 'copper rod', 'fire lightning bolts', 'animate corpse', 'force field', 'darkness', 'elementalist', 'damage', 'shock', 'zombie']
2026-08-03 21:29:48 [pipeline] DEBUG JOB add2bbe4 ENRICH 155/301: 155_1_candle.md -> summary="This section details Water and Fire Elementalist spells, inc" keywords=['elementalist', 'water spells', 'fire spells', 'blizzard', 'freeze', 'lightning', 'tidal wave', 'candle']
2026-08-03 21:29:53 [pipeline] DEBUG JOB add2bbe4 ENRICH 156/301: 156_1_fire_lightning_bolts_at_opponents_these_bolts_have.md -> summary="This section details spells for Water and Fire Elementalists" keywords=['elementalist', 'lightning', 'freeze', 'tidal wave', 'darkness', 'candle', 'spells', 'combat']
2026-08-03 21:29:56 [pipeline] DEBUG JOB add2bbe4 ENRICH 157/301: 157_2_animate_a_corpse_if_the_rod_touches_a_new_corpse_not.md -> summary="This section describes several Water and Fire elemental spel" keywords=['freeze', 'lightning', 'tidal wave', 'fire spells', 'darkness', 'zombie', 'elementalist', 'damage']
2026-08-03 21:30:06 [pipeline] DEBUG JOB add2bbe4 ENRICH 158/301: 158_2_pyrotechnics.md -> summary="This section describes pyrotechnic spells including darkness" keywords=['pyrotechnics', 'darkness', 'fire arrow', 'sheet of flame', 'illusion', 'spell expiry roll', 'damage', 'suffocation']
2026-08-03 21:30:08 [pipeline] DEBUG JOB add2bbe4 ENRICH 159/301: 159_3_fire_arrow_will_have_an_opportunity_to_jump_out_of_the_mount.md -> summary="This section details various fire and darkness spells for El" keywords=['darkness', 'pyrotechnics', 'fire arrow', 'sheet of flame', 'protection from fire', 'extinguish', 'flash', 'fire weapon', 'conflagration', 'summon the holocaust', 'catspaw', 'spell expiry roll', 'elementalist']
2026-08-03 21:30:13 [pipeline] DEBUG JOB add2bbe4 ENRICH 160/301: 160_5_protection_from_fire_any_combustible_material_in_the_area_near_it.md -> summary="This manual section details fire-related spells such as Prot" keywords=['fire', 'protection', 'darkness', 'elementalist', 'spells', 'immunity', 'blindness', 'catspaw']
2026-08-03 21:30:18 [pipeline] DEBUG JOB add2bbe4 ENRICH 161/301: 161_6_extinguish_being_horribly_scorched_to_summon_one_of_these.md -> summary="This section from Dragon Warriors describes various fire and" keywords=['dragon warriors', 'elementalist', 'fire spells', 'darkness spells', 'conflagration', 'holocaust', 'catspaw']
2026-08-03 21:30:20 [pipeline] DEBUG JOB add2bbe4 ENRICH 162/301: 162_7_flash.md -> summary="The Flash spell creates a blinding light in the sky; those w" keywords=['flash', 'blindness', 'reflex', 'attack penalty', 'defense penalty', 'permanent blindness', 'darkness']
2026-08-03 21:30:21 [pipeline] DEBUG JOB add2bbe4 ENRICH 163/301: 163_8_fire_weapon.md -> summary="This spell makes a melee weapon glow white-hot, increasing i" keywords=['fire weapon', 'melee weapon', 'white-hot', 'armor penetration', 'damage', 'darkness', 'armor factor']
2026-08-03 21:30:26 [pipeline] DEBUG JOB add2bbe4 ENRICH 164/301: 164_1_catspaw.md -> summary="This section describes fire and darkness spells for the Elem" keywords=['dragon warriors', 'elementalist', 'spells', 'fire', 'darkness', 'catspaw', 'conflagration', 'summon the holocaust']
2026-08-03 21:30:30 [pipeline] DEBUG JOB add2bbe4 ENRICH 165/301: 165_9_conflagration.md -> summary="This section describes fire and darkness spells for Elementa" keywords=['conflagration', 'holocaust', 'darkness', 'elementalist', 'spell', 'geas', 'fire', 'protection']
2026-08-03 21:30:33 [pipeline] DEBUG JOB add2bbe4 ENRICH 166/301: 166_2_darkeyes_or_opponents_the_spear_affects_them_with_the_cast.md -> summary="This section details several darkness-themed spells for the " keywords=['darkness', 'elementalist', 'spells', 'blindness', 'geas', 'madness', 'phobia', 'illusion']
2026-08-03 21:30:36 [pipeline] DEBUG JOB add2bbe4 ENRICH 167/301: 167_3_benight_radius_an_eerie_premature_twilight_settles_over_this.md -> summary="This section describes several darkness-themed spells for a " keywords=['darkness', 'spells', 'elementalist', 'blindness', 'phobia', 'geas', 'night', 'shadows']
2026-08-03 21:30:39 [pipeline] DEBUG JOB add2bbe4 ENRICH 168/301: 168_4_curtain_of_night.md -> summary="This section describes several spells for a Darkness Element" keywords=['darkness', 'elementalist', 'spells', 'blindness', 'phobia', 'geas', 'night vision', 'shadow']
2026-08-03 21:30:43 [pipeline] DEBUG JOB add2bbe4 ENRICH 169/301: 169_2_giant_spider_see_p_250.md -> summary="This section details spells for a Darkness Elementalist, inc" keywords=['darkness', 'elementalist', 'spells', 'geas', 'blindness', 'madness', 'phobia', 'night']
2026-08-03 21:30:46 [pipeline] DEBUG JOB add2bbe4 ENRICH 170/301: 170_3_ghost_see_p_241.md -> summary="This section describes several spells for the Darkness Eleme" keywords=['darkness elementalist', 'spells', 'benight', 'curtain of night', 'javelin of darkness', 'shadowfall', 'summon creatures of night', 'geas']
2026-08-03 21:30:57 [pipeline] DEBUG JOB add2bbe4 ENRICH 171/301: 171_4_hag_see_p_243.md -> summary="This section details spells for a Darkness Elementalist, inc" keywords=['darkness', 'elementalist', 'spells', 'geas', 'blindness', 'fear', 'summon', 'eclipse']
2026-08-03 21:30:59 [pipeline] DEBUG JOB add2bbe4 ENRICH 172/301: 172_5_wraith_see_p_253.md -> summary="This section describes eight spells for a Darkness Elemental" keywords=['darkness', 'elementalist', 'spells', 'blindness', 'madness', 'phobia', 'wraith', 'geas']
2026-08-03 21:31:02 [pipeline] DEBUG JOB add2bbe4 ENRICH 173/301: 173_5_javelin_of_darkness_8_eclipse_of_the_moon.md -> summary="This section details spells for the Darkness Elementalist cl" keywords=['darkness', 'elementalist', 'spells', 'geas', 'warlock', 'blindness', 'shadow', 'phobia']
2026-08-03 21:31:04 [pipeline] DEBUG JOB add2bbe4 ENRICH 174/301: 174_9_shadow_self_ful_to_the_darkness_elementalist_in_an_impossible.md -> summary="The caster detaches their self from their body via their sha" keywords=['shadow self', 'spell', 'darkness elementalist', 'health point loss', 'geas']
2026-08-03 21:31:06 [pipeline] DEBUG JOB add2bbe4 ENRICH 175/301: 175_warlock_spells.md -> summary="The Shadow Self spell allows a warlock to detach their soul " keywords=['shadow self', 'spell', 'escape', 'health point loss', 'body husk', 'warlock']
2026-08-03 21:31:08 [pipeline] DEBUG JOB add2bbe4 ENRICH 176/301: 176_heal_injury_neutralize_pacify.md -> summary="This section describes the Shadow Self and Summon Balor spel" keywords=['dragon warriors', 'warlock spells', 'shadow self', 'summon balor', 'geas', 'spell list']
2026-08-03 21:31:11 [pipeline] DEBUG JOB add2bbe4 ENRICH 177/301: 177_perception_of_sorcery_oracle_spell_screen.md -> summary="This section describes two high-level spells: Shadow Self, w" keywords=['shadow self', 'summon balor', 'warlock spells', 'geas', 'health point', 'darkness', 'phobic', 'spell levels']
2026-08-03 21:31:18 [pipeline] DEBUG JOB add2bbe4 ENRICH 178/301: 178_vitality.md -> summary="This section describes the Shadow Self spell, which allows a" keywords=['vitality', 'shadow self', 'summon balor', 'warlock spells', 'geas', 'health point']
2026-08-03 21:31:30 [pipeline] DEBUG JOB add2bbe4 ENRICH 179/301: 179_fortune_slow_gauntlet.md -> summary="This section of the Dragon Warriors RPG manual describes the" keywords=['dragon warriors', 'warlock spells', 'shadow self', 'summon balor', 'fortune slow gauntlet', 'spell levels', 'geas', 'health point']
2026-08-03 21:31:37 [pipeline] DEBUG JOB add2bbe4 ENRICH 180/301: 180_warning_terminate_reincarnate.md -> summary="This section describes the 'Shadow Self' spell, which allows" keywords=['shadow self', 'warlock spells', 'geas', 'health point loss', 'darkness elementalist', 'summon balor', 'warning terminate reincarnate', 'spell levels']
2026-08-03 21:31:39 [pipeline] DEBUG JOB add2bbe4 ENRICH 181/301: 181_enchantment.md -> summary="This section describes the Shadow Self spell, which allows a" keywords=['enchantment', 'shadow self', 'summon balor', 'geas', 'warlock spells', 'darkness elementalist', 'health point loss', 'phobia']
2026-08-03 21:31:41 [pipeline] DEBUG JOB add2bbe4 ENRICH 182/301: 182_deceit_annihilate_flying_steed.md -> summary="This section from the Dragon Warriors RPG describes the Shad" keywords=['shadow self', 'summon balor', 'warlock spells', 'geas', 'health point', 'darkness', 'madness', 'spell levels']
2026-08-03 21:31:46 [pipeline] DEBUG JOB add2bbe4 ENRICH 183/301: 183_telekinesis_vaporize_teleport.md -> summary="This section details the Warlock spell list from the Dragon " keywords=['warlock', 'spells', 'levels', 'magic', 'telekinesis', 'vaporize', 'teleport', 'dragon warriors']
2026-08-03 21:31:50 [pipeline] DEBUG JOB add2bbe4 ENRICH 184/301: 184_6_in_combat_it_will_bite_d8_2_5_or_claw_d12_lacrum_apart_if_both_are_seen_together_the_dupli.md -> summary="This section details several ninth-level Warlock spells (Fly" keywords=['warlock', 'spells', 'simulacrum', 'invulnerability', 'song of battle', 'teleport', 'game mastering', 'non-player characters']
2026-08-03 21:31:53 [pipeline] DEBUG JOB add2bbe4 ENRICH 185/301: 185_chapter_11.md -> summary="The chapter advises new Game Masters to gain practical exper" keywords=['game-time', 'non-player characters', 'npc', 'practical experience', 'scenario', 'tips']
2026-08-03 21:31:55 [pipeline] DEBUG JOB add2bbe4 ENRICH 186/301: 186_games.md -> summary="This section provides tips for new GamesMasters, emphasizing" keywords=['gamesmaster', 'game-time', 'non-player characters', 'scenario', 'adventure', 'estimation', 'calendar', 'npc']
2026-08-03 21:31:57 [pipeline] DEBUG JOB add2bbe4 ENRICH 187/301: 187_mastering.md -> summary="This section covers game-time management, the role of non-pl" keywords=['game-time', 'non-player characters', 'hirelings', 'fellow adventurers', 'death', 'morale checks', 'poison', 'fright attacks']
2026-08-03 21:31:59 [pipeline] DEBUG JOB add2bbe4 ENRICH 188/301: 188_other_rules.md -> summary="This section covers special rules for morale checks, fright " keywords=['morale checks', 'fright attacks', 'gaze attacks', 'vision types', 'curses', 'madness', 'diseases', 'poison']
2026-08-03 21:32:02 [pipeline] DEBUG JOB add2bbe4 ENRICH 189/301: 189_chapter_12.md -> summary="The chapter outlines three primary rewards for adventurers: " keywords=['rank', 'renown', 'treasure', 'experience points', 'adventuring', 'rewards', 'surviving', 'defeating opponents']
2026-08-03 21:32:03 [pipeline] DEBUG JOB add2bbe4 ENRICH 190/301: 190_the_rewards_of.md -> summary="This section describes the three main rewards for adventurer" keywords=['rewards', 'rank', 'renown', 'treasure', 'experience points', 'adventuring', 'surviving', 'defeating opponents']
2026-08-03 21:32:06 [pipeline] DEBUG JOB add2bbe4 ENRICH 191/301: 191_adventuring.md -> summary="Characters are rewarded through Rank (gained via experience " keywords=['experience points', 'rank', 'renown', 'treasure', 'profession bonuses', 'magic items', 'equipment', 'adventuring rewards']
2026-08-03 21:32:07 [pipeline] DEBUG JOB add2bbe4 ENRICH 192/301: 192_chapter_13.md -> summary="This section describes categories of magical items, focusing" keywords=['magical items', 'enchanted weapons', 'magic bonus', 'attack', 'defence', 'damage', 'flaws', 'sixth sense']
2026-08-03 21:32:10 [pipeline] DEBUG JOB add2bbe4 ENRICH 193/301: 193_items_weird.md -> summary="This section describes enchanted weapons and armour, includi" keywords=['magical items', 'enchanted weapons', 'magic bonus', 'attack', 'defence', 'armour bypass', 'damage', 'flaws', 'sixth sense']
2026-08-03 21:32:12 [pipeline] DEBUG JOB add2bbe4 ENRICH 194/301: 194_and_wondrous.md -> summary="This section details various magical items including enchant" keywords=['magical items', 'enchanted weapons', 'enchanted armour', 'scrolls', 'potions', 'amulets', 'talismans', 'rings', 'artifacts']
2026-08-03 21:32:17 [pipeline] DEBUG JOB add2bbe4 ENRICH 195/301: 195_artifacts.md -> summary="This section describes various unique magical artifacts and " keywords=['artifacts', 'relics', 'magic', 'unique', 'powers', 'campaign', 'items']
2026-08-03 21:32:21 [pipeline] DEBUG JOB add2bbe4 ENRICH 196/301: 196_chapter_14.md -> summary="This chapter introduces the fantasy world of Legend, offerin" keywords=['lands of legend', 'campaign setting', 'fantasy world', 'gamesmaster', 'crusaders', "ta'ashim", 'age of discovery']
2026-08-03 21:32:23 [pipeline] DEBUG JOB add2bbe4 ENRICH 197/301: 197_the_lands.md -> summary="This section introduces the world of Legend as a flexible fa" keywords=['legend', 'fantasy rpg setting', 'campaign', 'game master', 'regions', 'time periods', 'customization']
2026-08-03 21:32:27 [pipeline] DEBUG JOB add2bbe4 ENRICH 198/301: 198_of_legend.md -> summary="This section describes the fantasy world of Legend, detailin" keywords=['legend', 'ellesland', 'cornumbria', 'albion', 'thuland', 'ereworn', 'krarth', 'ferromaine']
2026-08-03 21:32:29 [pipeline] DEBUG JOB add2bbe4 ENRICH 199/301: 199_chapter_15.md -> summary="This chapter explores the folklore and myths of Legend, pres" keywords=['lore', 'legend', 'folklore', 'myth', 'altar', 'armoured one', 'android', 'oath']
2026-08-03 21:32:31 [pipeline] DEBUG JOB add2bbe4 ENRICH 200/301: 200_the_lore.md -> summary="The Armoured One is an android that can be animated by placi" keywords=['android', 'armoured one', 'altar of jusjurandus', 'oath', 'memory transfer', 'resurrection', 'curse', 'folklore']
2026-08-03 21:32:34 [pipeline] DEBUG JOB add2bbe4 ENRICH 201/301: 201_of_legend.md -> summary="This section presents a miscellany of characters, underworld" keywords=['lore', 'myth', 'magic items', 'altar of jusjurandus', 'armoured one', 'casket of fays', 'crown of kings']
2026-08-03 21:32:36 [pipeline] DEBUG JOB add2bbe4 ENRICH 202/301: 202_2_everyone_within_10m_is_struck_dumb_for_one_minute_no_one_can_approach_the_user_until_it_subsides_it_is.md -> summary="The Casket of Fays produces random magical effects when open" keywords=['casket of fays', 'crown of kings', 'random effects', 'spell expiry roll', 'fright attack', 'charisma', 'command', 'brevet rank']
2026-08-03 21:32:42 [pipeline] DEBUG JOB add2bbe4 ENRICH 203/301: 203_3_a_haunting_siren_song_emanates_from_the_casket_and_swoop_to_attack_a_foe_indicated_by_the_user_unless.md -> summary="The Casket of Fays produces a variety of random magical effe" keywords=['casket of fays', 'crown of kings', 'siren song', 'plague', 'spriggan', 'vampire bats', 'charisma', 'brevet rank']
2026-08-03 21:32:45 [pipeline] DEBUG JOB add2bbe4 ENRICH 204/301: 204_4_a_foul_plague_of_grey_rats_pours_from_the_casket_glide_forward_then_halfglimpsed_hands_wrench_the.md -> summary="This section details the Casket of Fays, a magical item with" keywords=['casket of fays', 'crown of kings', 'random effects', 'charisma', 'command', 'brevet rank']
2026-08-03 21:32:47 [pipeline] DEBUG JOB add2bbe4 ENRICH 205/301: 205_5_a_random_sorcery_spell_of_1st8th_level_is_cast_upon.md -> summary="This section describes two magical items: a Casket of Fays t" keywords=['casket of fays', 'crown of kings', 'random effects', 'leadership', 'charisma', 'rank', 'spell', 'magic item']
2026-08-03 21:32:51 [pipeline] DEBUG JOB add2bbe4 ENRICH 206/301: 206_6_utter_darkness_fills_a_zone_of_10m_radius_and_no_and_rubies_was_worn_by_guillarme_ii_the_great.md -> summary="The manual describes a magical Casket of Fays that produces " keywords=['casket of fays', 'crown of kings', 'random magical effects', 'charisma', 'command', 'brevet rank', 'darkness']
2026-08-03 21:32:59 [pipeline] DEBUG JOB add2bbe4 ENRICH 207/301: 207_7_an_illusory_duplicate_of_one_randomly_determined.md -> summary="This section describes the Casket of Fays, a magical item th" keywords=['casket of fays', 'crown of kings', 'random effects', 'illusory duplicate', 'darkness', 'vampire bats', 'charisma', 'command']
2026-08-03 21:33:04 [pipeline] DEBUG JOB add2bbe4 ENRICH 208/301: 208_8_an_unaccountable_blizzard_blows_out_of_the_casket.md -> summary="This section describes two magical items: the Casket of Fays" keywords=['casket of fays', 'crown of kings', 'blizzard', 'siren song', 'spriggan', 'vampire bats', 'brevet rank', 'command']
2026-08-03 21:33:08 [pipeline] DEBUG JOB add2bbe4 ENRICH 209/301: 209_9_the_user_opens_the_casket_and_pulls_out_a_spriggan_and_the_wearer_of_the_crown_can_command_a_total.md -> summary="The Casket of Fays produces various magical effects when ope" keywords=['casket of fays', 'crown of kings', 'spriggan', 'command', 'rank', 'blindness', 'vampire bats', 'pine needles']
2026-08-03 21:33:11 [pipeline] DEBUG JOB add2bbe4 ENRICH 210/301: 210_10_a_booming_voice_from_the_caskets_depths_speaks_the.md -> summary="This section describes the Casket of Fays, a magical item wi" keywords=['casket of fays', 'crown of kings', 'random effects', 'charisma', 'command', 'fright attack', 'spell expiry roll', 'brevet rank']
2026-08-03 21:33:15 [pipeline] DEBUG JOB add2bbe4 ENRICH 211/301: 211_11_a_storm_of_pine_needles_streams_from_the_casket_of_his_intended_underling_the_result_is_the_number.md -> summary="This section details various magical artifacts, items, and l" keywords=['magical items', 'artifacts', 'lore', 'casket of fays', 'crown of kings', 'dragon pearls', "helgrim's hand", "high king's cauldron"]
2026-08-03 21:33:17 [pipeline] DEBUG JOB add2bbe4 ENRICH 212/301: 212_chapter_16.md -> summary="This chapter describes the three levels of language proficie" keywords=['languages', 'basic', 'intermediate', 'fluency', 'learning', 'tutor', 'grammar', 'vocabulary', 'elleslandic']
2026-08-03 21:33:19 [pipeline] DEBUG JOB add2bbe4 ENRICH 213/301: 213_living_in_the.md -> summary="This section describes three levels of language fluency (Bas" keywords=['languages', 'basic', 'intermediate', 'fluency', 'learning', 'tutor', 'native speakers', 'difficulty']
2026-08-03 21:33:22 [pipeline] DEBUG JOB add2bbe4 ENRICH 214/301: 214_lands_of.md -> summary="This section describes three levels of language proficiency " keywords=['language levels', 'basic', 'intermediate', 'fluency', 'learning languages', 'tutor', 'living among native speakers', 'elleslandic']
2026-08-03 21:33:23 [pipeline] DEBUG JOB add2bbe4 ENRICH 215/301: 215_legend.md -> summary="This chapter details the cultures, languages, and traditions" keywords=['languages', 'literacy', 'calendar', 'crime', 'punishment', 'scripts', 'learning', 'feudalism']
2026-08-03 21:33:26 [pipeline] DEBUG JOB add2bbe4 ENRICH 216/301: 216_1_does_anyone_witness_the_crime.md -> summary="This section explains how to determine if a crime is witness" keywords=['witnesses', 'crime', 'courts', 'penalties', 'chance', 'location', 'time', 'bribery']
2026-08-03 21:33:28 [pipeline] DEBUG JOB add2bbe4 ENRICH 217/301: 217_3_if_tracked_down_and_apprehended_can_the_felon_bribe.md -> summary="This section describes various medieval courts (ecclesiastic" keywords=['courts', 'bribery', 'penalties', 'witnesses', 'crime', 'ecclesiastical', 'civil', 'market']
2026-08-03 21:33:36 [pipeline] DEBUG JOB add2bbe4 ENRICH 218/301: 218_4_if_brought_to_court_can_he_bribe_the_judges.md -> summary="Bribery is possible in ecclesiastical and civil courts, wher" keywords=['bribery', 'ecclesiastical court', 'civil court', 'market court', "king's court", 'trial', 'punishment', 'corruption']
2026-08-03 21:33:37 [pipeline] DEBUG JOB add2bbe4 ENRICH 219/301: 219_5_if_found_guilty_what_sentence_will_he_get.md -> summary="The manual details the legal systems of ecclesiastical, civi" keywords=['courts', 'sentencing', 'bribes', 'social status', 'crime', 'punishment', 'trial', 'conviction']
2026-08-03 21:33:41 [pipeline] DEBUG JOB add2bbe4 ENRICH 220/301: 220_crime_status_matrix.md -> summary="This section describes a crime status matrix for determining" keywords=['crime status matrix', 'sentencing', 'wargames', 'tourney', 'joust', 'ransom', 'experience points']
2026-08-03 21:33:43 [pipeline] DEBUG JOB add2bbe4 ENRICH 221/301: 221_chapter_17.md -> summary="This chapter provides guidance for GMs on creating their own" keywords=['campaign setting', 'world-building', 'inspiration', 'culture', 'magic', 'fantasy', 'lands of legend', 'alternate settings']
2026-08-03 21:33:45 [pipeline] DEBUG JOB add2bbe4 ENRICH 222/301: 222_setting_your.md -> summary="This chapter explains how game masters can customize their D" keywords=['campaign setting', 'lands of legend', 'world-building', 'inspiration', 'culture', 'magic', 'fantasy', 'swords-and-sorcery']
2026-08-03 21:33:46 [pipeline] DEBUG JOB add2bbe4 ENRICH 223/301: 223_campaign.md -> summary="This section discusses how to set a Dragon Warriors campaign" keywords=['campaign setting', 'lands of legend', 'world-building', 'inspiration', 'culture', 'magic & fantasy', 'dragon warriors']
2026-08-03 21:33:48 [pipeline] DEBUG JOB add2bbe4 ENRICH 224/301: 224_2_culture_this_is_where_you_can_narrow_the.md -> summary="This section advises GMs to narrow the campaign's cultural f" keywords=['culture', 'campaign setting', 'inspiration', 'predominant culture', 'neighbors', 'enemies', 'world-building']
2026-08-03 21:33:49 [pipeline] DEBUG JOB add2bbe4 ENRICH 225/301: 225_1_inspiration_decide_on_the_basic_inspiration_for_most_of_the_adventuring_will_take_place_what_are.md -> summary="This chapter provides guidance for GMs on creating custom ca" keywords=['campaign setting', 'inspiration', 'culture', 'magic', 'non-humans', 'gender', 'world-building', 'dragon warriors']
2026-08-03 21:33:53 [pipeline] DEBUG JOB add2bbe4 ENRICH 226/301: 226_4_nonhumans_this_is_closely_related_to_3_above_tradition_made_it_hard_for_women_to_gain_power.md -> summary="The manual discusses the inclusion of non-human characters a" keywords=['non-humans', 'genders', 'setting', 'prejudice', 'roleplaying', 'flexibility']
2026-08-03 21:33:55 [pipeline] DEBUG JOB add2bbe4 ENRICH 227/301: 227_6_rules_changes_dragon_warriors_is_by_design_a.md -> summary="This section provides guidance on choosing campaign settings" keywords=['campaign settings', 'feudal japan', 'pre-columbian mexico', 'roman britain', 'fantasy literature', 'rules changes', 'variable damage', 'lethal combat']
2026-08-03 21:33:58 [pipeline] DEBUG JOB add2bbe4 ENRICH 228/301: 228_rules_variants.md -> summary="This section presents optional rules for modifying the game," keywords=['rules variants', 'campaign setting', 'variable damage', 'lethal combat', 'mooks', 'critical hits', 'fate points', 'skills']
2026-08-03 21:34:01 [pipeline] DEBUG JOB add2bbe4 ENRICH 229/301: 229_chapter_18.md -> summary="This chapter covers overland travel in the Dragon Warriors w" keywords=['travel', 'hazards', 'terrain', 'distances', 'random encounters', 'disputations', 'adventurers', 'wilderness']
2026-08-03 21:34:03 [pipeline] DEBUG JOB add2bbe4 ENRICH 230/301: 230_travel_and.md -> summary="This section covers overland travel in a medieval fantasy wo" keywords=['travel', 'terrain', 'distances', 'encounters', 'disputations', 'waste', 'adventurers']
2026-08-03 21:34:06 [pipeline] DEBUG JOB add2bbe4 ENRICH 231/301: 231_hazards.md -> summary="This section covers travel across the Dragon Warriors world," keywords=['travel', 'hazards', 'disputations', 'knights', 'sorcerers', 'underworlds', 'random encounters', 'long-distance travel']
2026-08-03 21:34:10 [pipeline] DEBUG JOB add2bbe4 ENRICH 232/301: 232_1_prepare_a_gametime_calendar_for_the_journey.md -> summary="This RPG manual section covers rules for character disputati" keywords=['disputation', 'knights', 'barbarians', 'sorcerers', 'underworlds', 'long-distance travel', 'game-time calendar', 'distance calculation', 'map', 'forest', 'experience points', 'combat']
2026-08-03 21:34:16 [pipeline] DEBUG JOB add2bbe4 ENRICH 233/301: 233_2_work_out_the_total_distance_the_playercharacters.md -> summary="This section covers rules for character disputations (Knight" keywords=['disputation', 'knights', 'barbarians', 'sorcerers', 'underworlds', 'long-distance travel', 'forest', 'language barriers']
2026-08-03 21:34:19 [pipeline] DEBUG JOB add2bbe4 ENRICH 234/301: 234_4_very_long_journeys_often_mean_that_a_gametime_themselves_otherwise_there_will_inevitably_be_mis.md -> summary="This section provides guidelines for handling long journeys " keywords=['travel', 'hazards', 'long journeys', 'sea travel', 'ships', 'weather', 'storms', 'costs']
2026-08-03 21:34:21 [pipeline] DEBUG JOB add2bbe4 ENRICH 235/301: 235_chapter_19.md -> summary="This section introduces an introductory scenario for Dragon " keywords=['dragon warriors', 'introductory scenario', 'scene structure', "gamesmaster's overview", 'cursed village', 'white lady', 'child stealing', 'tension diagram']
2026-08-03 21:34:26 [pipeline] DEBUG JOB add2bbe4 ENRICH 236/301: 236_the_darkness.md -> summary="This is an introductory scenario for Dragon Warriors, set in" keywords=['before dawn', 'dragon warriors', 'introductory scenario', "maiden's vale", 'curse', 'white lady', 'queen fhionn', 'folk-tale structure']
2026-08-03 21:34:29 [pipeline] DEBUG JOB add2bbe4 ENRICH 237/301: 237_before_dawn.md -> summary="An introductory scenario for 4-6 1st-rank characters set in " keywords=['white lady', 'curse', "maiden's vale", 'sir olvar', 'queen fhionn', 'adventure', 'scenario', 'dragon warriors']
2026-08-03 21:34:31 [pipeline] DEBUG JOB add2bbe4 ENRICH 238/301: 238_17_deduct_the_victims_magical_defence_if_you.md -> summary="This section details encounters with the goblin Erkiss, the " keywords=['white lady', 'fhionn', 'erkiss', 'old mab', "strabo's sword", 'hellhounds', 'final battle', 'soul pool']
2026-08-03 21:34:34 [pipeline] DEBUG JOB add2bbe4 ENRICH 239/301: 239_white_ladies.md -> summary="White Ladies are demonic entities from the demonic planes th" keywords=['white ladies', 'demonic', 'enslave', 'fengris', 'soul', 'sorcerer', 'worm-like', 'servants']
2026-08-03 21:34:36 [pipeline] DEBUG JOB add2bbe4 ENRICH 240/301: 240_chapter_20.md -> summary="This section provides a quick-reference list of monsters and" keywords=['automaton', 'adventurers', 'barudath', 'eaves phantom', 'dragon warriors', 'monsters', 'stats']
2026-08-03 21:34:40 [pipeline] DEBUG JOB add2bbe4 ENRICH 241/301: 241_monsters.md -> summary="This section provides quick-reference monster entries includ" keywords=['automaton', 'adventurers', 'apemen', 'barudath', 'monsters', 'dragon warriors', 'bestiary']
2026-08-03 21:34:42 [pipeline] DEBUG JOB add2bbe4 ENRICH 242/301: 242_of_legend.md -> summary="This section provides quick-reference monster entries for Dr" keywords=['monsters', 'automaton', 'adventurers', 'apemen', 'barudath', 'eaves phantom', 'dragon warriors', 'bestiary']
2026-08-03 21:34:48 [pipeline] DEBUG JOB add2bbe4 ENRICH 243/301: 243_automaton.md -> summary="Automata are artificial warriors of metal, constructed by th" keywords=['automaton', 'artificial', 'warrior', 'metal', 'emphidian empire', 'kaikuhuru', 'immune to direct-attack spells']
2026-08-03 21:34:50 [pipeline] DEBUG JOB add2bbe4 ENRICH 244/301: 244_apemen.md -> summary="Savage gorilla-like carnivores that are a grotesque evolutio" keywords=['apemen', 'gorilla-like', 'carnivores', 'dull-witted', 'strong', 'evolutionary quirk', 'club', 'rank 1']
2026-08-03 21:34:54 [pipeline] DEBUG JOB add2bbe4 ENRICH 245/301: 245_barghest_bear.md -> summary="This section describes several monsters from the Dragon Warr" keywords=['barghest', 'barnacle men', 'basilisk', 'black riders', 'blue men', 'boggart', 'faerie hound', 'undead']
2026-08-03 21:34:56 [pipeline] DEBUG JOB add2bbe4 ENRICH 246/301: 246_barnacle_men.md -> summary="Barnacle Men are undead creatures that swarm up from the oce" keywords=['undead', 'ocean', 'storms', 'ships', 'barnacles', 'cutlasses', 'swarm']
2026-08-03 21:35:00 [pipeline] DEBUG JOB add2bbe4 ENRICH 247/301: 247_basilisk.md -> summary="This section provides statistics and descriptions for variou" keywords=['barghest', 'barnacle men', 'basilisk', 'bat', 'bear', 'black riders', 'blue men', 'boggart']
2026-08-03 21:35:02 [pipeline] DEBUG JOB add2bbe4 ENRICH 248/301: 248_boggart.md -> summary="Boggarts are wizened little sprites resembling Goblins, poss" keywords=['boggart', 'sprite', 'goblin', 'magical', 'sorcerer', 'hide', 'surprise', 'bat']
2026-08-03 21:35:15 [pipeline] DEBUG JOB add2bbe4 ENRICH 249/301: 249_centaur.md -> summary="Centaurs are hybrid nomads with the upper body of a human an" keywords=['centaur', 'hybrid', 'nomad', 'sorcerer', 'spells', 'hide', 'surprise', 'warrior']
2026-08-03 21:35:18 [pipeline] DEBUG JOB add2bbe4 ENRICH 250/301: 250_chimera.md -> summary="This section describes several mythical monsters including C" keywords=['centaur', 'bull', 'cadaver', 'chimera', 'caitshee', 'chonchon', 'monster stats', 'hybrid']
2026-08-03 21:35:23 [pipeline] DEBUG JOB add2bbe4 ENRICH 251/301: 251_cadaver.md -> summary="This section describes several legendary monsters including " keywords=['centaur', 'bull', 'cadaver', 'chimera', 'caitshee', 'chonchon', 'legendary monsters']
2026-08-03 21:35:26 [pipeline] DEBUG JOB add2bbe4 ENRICH 252/301: 252_caitshee.md -> summary="The Caitshee, or Faerie Cat, is a stealthy creature that fol" keywords=['caitshee', 'faerie cat', 'stealth', 'jinx spellcasting', 'enchanted weapons', 'silver weapons', 'cemetery', 'ruined abbey']
2026-08-03 21:35:30 [pipeline] DEBUG JOB add2bbe4 ENRICH 253/301: 253_chonchon.md -> summary="This section of the Dragon Warriors RPG manual provides stat" keywords=['monsters', 'legends', 'centaur', 'bull', 'chimera', 'dragon', 'elemental', 'chonchon']
2026-08-03 21:35:33 [pipeline] DEBUG JOB add2bbe4 ENRICH 254/301: 254_cloudspider.md -> summary="A giant arachnid hidden within a roiling black cloud of mist" keywords=['cloudspider', 'giant arachnid', 'mist', 'fright attack', 'magical defence', 'evasion', 'stealth', 'rank-equivalent 2nd']
2026-08-03 21:35:36 [pipeline] DEBUG JOB add2bbe4 ENRICH 255/301: 255_crocodile.md -> summary="This section provides statistics and descriptions for variou" keywords=['crocodile', 'cloudspider', 'dracoman', 'dragon', 'dwarf', "death's head", 'elemental', 'monster statistics']
2026-08-03 21:35:39 [pipeline] DEBUG JOB add2bbe4 ENRICH 256/301: 256_dwarf.md -> summary="Dwarves are short, stocky, bearded humanoids rarely taller t" keywords=['dwarf', 'short', 'stocky', 'bearded', 'humanoid', 'player character', 'rank 1', 'stats']
2026-08-03 21:35:44 [pipeline] DEBUG JOB add2bbe4 ENRICH 257/301: 257_dracoman.md -> summary="This section of the Dragon Warriors RPG manual provides stat" keywords=['dragon warriors', 'monsters', 'stats', 'attack', 'defence', 'health points', 'rank-equivalent', 'notes']
2026-08-03 21:35:47 [pipeline] DEBUG JOB add2bbe4 ENRICH 258/301: 258_fungus_men.md -> summary="Fungus Men are mouldering skeletons clumped and caked with f" keywords=['fungus men', 'undead', 'skeletons', 'fungi', 'spores', 'mind control immunity', 'infection', 'transformation']
2026-08-03 21:36:01 [pipeline] DEBUG JOB add2bbe4 ENRICH 259/301: 259_gargoyle.md -> summary="This section describes various monsters including gargoyles," keywords=['gargoyle', 'fungus men', 'elf', 'fang warrior', 'ghost', 'ghoul', 'frost giant']
2026-08-03 21:36:03 [pipeline] DEBUG JOB add2bbe4 ENRICH 260/301: 260_fang_warrior.md -> summary="Fang Warriors are created from a Hydra's teeth, appearing hu" keywords=['fang warrior', "hydra's teeth", 'claws', 'morale-immune', 'fade', 'high attack', 'magical defense']
2026-08-03 21:36:26 [pipeline] DEBUG JOB add2bbe4 ENRICH 261/301: 261_ghost.md -> summary="This section provides statistics and descriptions for severa" keywords=['ghost', 'fungus men', 'elf', 'gargoyle', 'fang warrior', 'ghoul', 'frost giant', 'monster stats']
2026-08-03 21:36:28 [pipeline] DEBUG JOB add2bbe4 ENRICH 262/301: 262_ghoul.md -> summary="Ghouls are transformed humans, dwarves, or elves who exist i" keywords=['ghoul', 'undead', 'transformed', 'human', 'dwarf', 'elf', 'corpse', 'flesh']
2026-08-03 21:36:30 [pipeline] DEBUG JOB add2bbe4 ENRICH 263/301: 263_frost_giant.md -> summary="Frost Giants are rare, dwelling in icy tundra or sub-arctic " keywords=['frost giant', 'giant', 'icy tundra', 'sub-arctic forest', 'village', 'battleaxe', 'fear', 'npc']
2026-08-03 21:36:35 [pipeline] DEBUG JOB add2bbe4 ENRICH 264/301: 264_giant_viper.md -> summary="This section provides statistics and descriptions for variou" keywords=['giant viper', 'giant beetle', 'gnome', 'giant eagle', 'giant rat', 'giant scorpion', 'goblin', 'golem']
2026-08-03 21:36:37 [pipeline] DEBUG JOB add2bbe4 ENRICH 265/301: 265_gnome.md -> summary="Gnomes are supernatural woodland entities that react violent" keywords=['gnome', 'grey gnome', 'surprise', 'woodland', 'supernatural', 'claws', 'embog', 'gargoyle']
2026-08-03 21:36:41 [pipeline] DEBUG JOB add2bbe4 ENRICH 266/301: 266_giant_rat_goblin.md -> summary="This section provides statistics and notes for various monst" keywords=['giant rat', 'goblin', 'giant viper', 'giant beetle', 'gnome', 'giant eagle', 'giant scorpion', 'golem']
2026-08-03 21:36:43 [pipeline] DEBUG JOB add2bbe4 ENRICH 267/301: 267_giant_scorpion.md -> summary="Giant scorpions are enormous creatures up to 3-4 meters long" keywords=['giant scorpion', 'desert', 'jungle', 'pincer', 'sting', 'poison', 'seize', 'surprise']
2026-08-03 21:36:47 [pipeline] DEBUG JOB add2bbe4 ENRICH 268/301: 268_golem.md -> summary="This section from the Dragon Warriors RPG manual provides st" keywords=['monsters', 'dragon warriors', 'rpg', 'stats', 'abilities', 'golem', 'giant', 'undead']
2026-08-03 21:36:56 [pipeline] DEBUG JOB add2bbe4 ENRICH 269/301: 269_gorgon.md -> summary="A legendary monster with the body of a beautiful woman, face" keywords=['gorgon', 'monster', 'legend', 'stone', 'gaze', 'snake', 'hair', 'petrify']
2026-08-03 21:37:01 [pipeline] DEBUG JOB add2bbe4 ENRICH 270/301: 270_gryphon.md -> summary="This section of the RPG manual describes a variety of legend" keywords=['gorgon', 'grave gaunt', 'gryphon', 'hag', 'harpy', 'hell hound', 'hippogriff', 'monsters']
2026-08-03 21:37:04 [pipeline] DEBUG JOB add2bbe4 ENRICH 271/301: 271_harpy_hellrot.md -> summary="Harpy Hellrots are grotesque vulture-like creatures with wit" keywords=['harpy hellrot', 'dragon warriors', 'vulture', 'demon emissary', 'vile odor', 'snatch', 'claws', 'magical resistance']
2026-08-03 21:37:12 [pipeline] DEBUG JOB add2bbe4 ENRICH 272/301: 272_hippogriff.md -> summary="Hippogriffs are savage carnivores that can be tamed but are " keywords=['hippogriff', 'two forms', 'horse', 'night', 'wings', 'talons', 'scales', 'carnivore']
2026-08-03 21:37:24 [pipeline] DEBUG JOB add2bbe4 ENRICH 273/301: 273_hell_hound.md -> summary="This section from Dragon Warriors describes several monsters" keywords=['harpy hellrot', 'hell hound', 'greater hell hound', 'hellion', 'hippogriff', 'hobgoblin', 'dragon warriors']
2026-08-03 21:37:28 [pipeline] DEBUG JOB add2bbe4 ENRICH 274/301: 274_hellion.md -> summary="Hellions are soulless, cackling monstrosities from the nethe" keywords=['hellion', 'soulless', 'cackling', 'nether realm', 'varying power', 'sacred relic', 'crucifix', 'vulnerability']
2026-08-03 21:37:30 [pipeline] DEBUG JOB add2bbe4 ENRICH 275/301: 275_hydra.md -> summary="This section provides statistics and descriptions for variou" keywords=['hydra', 'horse', 'human', 'ignis fatuus', 'imp', 'ire goblin', 'jumbee', 'monster']
2026-08-03 21:37:40 [pipeline] DEBUG JOB add2bbe4 ENRICH 276/301: 276_jumbee.md -> summary="This section of the Dragon Warriors RPG manual provides stat" keywords=['hydra', 'ignis fatuus', 'imp', 'ire goblin', 'jumbee', 'kappa', 'kraken', 'lycanthrope']
2026-08-03 21:37:44 [pipeline] DEBUG JOB add2bbe4 ENRICH 277/301: 277_krask.md -> summary="The Krask is a flying creature resembling a manta ray with a" keywords=['krask', 'flying', 'manta ray', 'sting', 'electric shock', 'color change', 'half damage from edged weapons', 'rank 8']
2026-08-03 21:37:46 [pipeline] DEBUG JOB add2bbe4 ENRICH 278/301: 278_killer_bees.md -> summary="Killer Bees are swarms of oversized bees treated as a single" keywords=['killer bees', 'swarm', 'queen bee', 'poison', 'drain', 'fright attack', 'immune to nonmagical weapons', 'dragon warriors']
2026-08-03 21:37:49 [pipeline] DEBUG JOB add2bbe4 ENRICH 279/301: 279_malgash.md -> summary="This section provides statistics and special abilities for s" keywords=['malgash', 'manticore', 'mere-gaunt', 'minotaur', 'mordu', 'mummy', 'nargut', 'monsters']
2026-08-03 21:37:56 [pipeline] DEBUG JOB add2bbe4 ENRICH 280/301: 280_nargut.md -> summary="This section of the Dragon Warriors RPG manual provides stat" keywords=['bestiary', 'monsters', 'stats', 'fantasy', 'rpg', 'dragon warriors', 'creatures']
2026-08-03 21:37:59 [pipeline] DEBUG JOB add2bbe4 ENRICH 281/301: 281_necrochor.md -> summary="This section provides stat blocks and descriptions for vario" keywords=['dragon warriors', 'monsters', 'undead', 'spirits', 'ogres', 'oni', 'orcs', 'pazuzu']
2026-08-03 21:38:03 [pipeline] DEBUG JOB add2bbe4 ENRICH 282/301: 282_nightmare.md -> summary="This section describes various monsters including the Nightm" keywords=['nightmare', 'necrochor', 'okeman', 'oni', 'obsidiak', 'orc', 'pazuzu']
2026-08-03 21:38:11 [pipeline] DEBUG JOB add2bbe4 ENRICH 283/301: 283_obsidiak.md -> summary="This section from the Dragon Warriors RPG manual provides st" keywords=['necrochor', 'okeman', 'nightmare', 'oni', 'obsidiak', 'ogre', 'orc', 'pazuzu']
2026-08-03 21:38:15 [pipeline] DEBUG JOB add2bbe4 ENRICH 284/301: 284_pazuzu.md -> summary="A Pazuzu is a tall, wiry humanoid with lion-like padded claw" keywords=['pazuzu', 'humanoid', 'claws', 'wings', 'surprise', 'flame breath', 'image', 'flying']
2026-08-03 21:38:26 [pipeline] DEBUG JOB add2bbe4 ENRICH 285/301: 285_python.md -> summary="This RPG manual section provides statistics and special abil" keywords=['python', 'phoenix', 'rakshah', 'sentinel crab', 'shadow walker', 'surprise', 'breathe flame', 'revives']
2026-08-03 21:38:29 [pipeline] DEBUG JOB add2bbe4 ENRICH 286/301: 286_sentinel_crab.md -> summary="This section describes several legendary monsters including " keywords=['sentinel crab', 'python', 'phoenix', 'rakshah', 'shadow walker', 'monsters', 'legendary', 'abilities']
2026-08-03 21:38:30 [pipeline] DEBUG JOB add2bbe4 ENRICH 287/301: 287_shadow_walker.md -> summary="Shadow Walkers are elusive creatures from the half-world bet" keywords=['shadow walker', 'illusion', 'half-world', 'copy appearance', 'shadow', 'dimension', 'manifestation', 'stealth']
2026-08-03 21:38:35 [pipeline] DEBUG JOB add2bbe4 ENRICH 288/301: 288_skeleton_sphinx.md -> summary="A Skeleton Sphinx is an animated skeletal version of the myt" keywords=['skeleton', 'sphinx', 'undead', 'animated', 'mystic', 'sorcerer', 'immune', 'nonmagical weapons', 'oxygen drain']
2026-08-03 21:38:38 [pipeline] DEBUG JOB add2bbe4 ENRICH 289/301: 289_tapestry_demon.md -> summary="Tapestry Demons appear as classical demon tapestries that sp" keywords=['tapestry', 'demon', 'guardian', 'poison', 'bite', 'three-dimensional']
2026-08-03 21:38:54 [pipeline] WARNING JOB add2bbe4 ENRICH 290/301 FAILED: 290_spriggan.md -> 'list' object has no attribute 'get'
2026-08-03 21:39:01 [pipeline] DEBUG JOB add2bbe4 ENRICH 291/301: 291_thorn_demons.md -> summary="Thorn demons are spindly, black insectoid creatures with lim" keywords=['thorn demons', 'spindly', 'black', 'insectoid', 'thorn-bushes', 'briars', 'wounds', 'hide', 'pilfer', 'pick lock', 'climb', 'curse', 'moonglow', 'weaken', 'illusion', 'surprise', 'thicket']
2026-08-03 21:39:03 [pipeline] DEBUG JOB add2bbe4 ENRICH 292/301: 292_the_sufiriad.md -> summary="This section describes various monsters of legend, including" keywords=['tapestry demon', 'spriggan', 'thorn demon', 'sufiriad', 'tiger', 'titan', 'swamp folk']
2026-08-03 21:39:05 [pipeline] DEBUG JOB add2bbe4 ENRICH 293/301: 293_titan.md -> summary="This section describes several monsters from the TITAN besti" keywords=['titan', 'tapestry demon', 'spriggan', 'thorn demon', 'sufiriad', 'sabre tooth tiger', 'swamp folk', 'monsters of legend']
2026-08-03 21:39:08 [pipeline] DEBUG JOB add2bbe4 ENRICH 294/301: 294_swamp_folk.md -> summary="Swamp folk are toad-headed, flesh-eating humanoids that lurk" keywords=['swamp folk', 'toad-headed', 'flesh-eater', 'grapple', 'drown', 'swamp', 'humanoid']
2026-08-03 21:39:18 [pipeline] DEBUG JOB add2bbe4 ENRICH 295/301: 295_troll_wild_boar.md -> summary="This section describes four monsters from Dragon Warriors: a" keywords=['troll', 'water leaper', 'vampire', 'volucreth', 'undead', 'monster', 'stats', 'abilities']
2026-08-03 21:39:20 [pipeline] DEBUG JOB add2bbe4 ENRICH 296/301: 296_vampire.md -> summary="Vampires are undead that resemble living beings and hunt at " keywords=['vampire', 'undead', 'blood', 'mesmerism', 'shape-shift', 'vulnerabilities', 'ritual', 'sunlight']
2026-08-03 21:39:23 [pipeline] DEBUG JOB add2bbe4 ENRICH 297/301: 297_volucreth.md -> summary="Volucreths are birdlike humanoids from a tropical jungle, wi" keywords=['volucreth', 'birdlike', 'humanoid', 'tropical', 'jungle', 'two-handed sword', 'rank 1', 'mystic abilities']
2026-08-03 21:39:26 [pipeline] DEBUG JOB add2bbe4 ENRICH 298/301: 298_wraith.md -> summary="A wraith is an undead creature formed when a ghost haunts a " keywords=['wraith', 'undead', 'ghost', 'sorcery', 'shadowy', 'cold fire', 'fright attack', 'death spell']
2026-08-03 21:39:28 [pipeline] DEBUG JOB add2bbe4 ENRICH 299/301: 299_white_lady.md -> summary="White Ladies are creatures from the demonic planes that appe" keywords=['white lady', 'demonic', 'beautiful women', 'white samite']
2026-08-03 21:39:30 [pipeline] DEBUG JOB add2bbe4 ENRICH 300/301: 300_wight.md -> summary="Wights are ancient undead shamans and wizard-kings that dwel" keywords=['wight', 'undead', 'shaman', 'wizard-king', 'spellcasting', 'strength drain']
2026-08-03 21:39:36 [pipeline] DEBUG JOB add2bbe4 ENRICH 301/301: 301_wolf_zombie.md -> summary="Wolf Zombies are the true walking corpses of legend and nigh" keywords=['undead', 'zombie', 'walking corpse', 'low attack', 'high health', 'rank 1']
2026-08-03 21:39:36 [pipeline] INFO JOB add2bbe4 STAGE 4 DONE: 300/301 sections enriched, 1206.3s
2026-08-03 21:39:36 [pipeline] INFO JOB add2bbe4 STAGE 5: building FTS5 index
2026-08-03 21:39:36 [pipeline] INFO JOB add2bbe4 STAGE 5 DONE: FTS5 index built, 0.7s
2026-08-03 21:39:36 [pipeline] INFO JOB add2bbe4 COMPLETE: doc=1aaecba1 title="DW-Rulebook-For-Web"
2026-08-03 21:47:27 [agent] INFO QUERY START: "How many character classes are there?" (history=0 turns)
2026-08-03 21:47:29 [agent] INFO   iter 1: fts_search({"query": "character classes"}) -> [{"path": "1aaecba1ffec496caf13dcaa903d7c6d/62_chapter_9.md", "title": "Chapter 9", "snippet": "...Casting Spells\nthis ... (2.3s)
2026-08-03 21:47:29 [agent] INFO   iter 1: fts_search({"query": "classes list"}) -> [{"path": "1aaecba1ffec496caf13dcaa903d7c6d/06_chapter_5_assassins_41_climbing_63.md", "title": "Chapter 5: Assassins 41... (2.3s)
2026-08-03 21:47:31 [agent] INFO   iter 2: list_index({"path": "1aaecba1ffec496caf13dcaa903d7c6d"}) -> []... (1.5s)
2026-08-03 21:47:32 [agent] INFO   iter 3: fts_search({"query": "character classes list"}) -> [{"path": "1aaecba1ffec496caf13dcaa903d7c6d/53_beginning.md", "title": "BEGINNING", "snippet": "...social <mark>class</m... (1.0s)
2026-08-03 21:47:32 [agent] INFO   iter 3: fts_search({"query": "class"}) -> [{"path": "1aaecba1ffec496caf13dcaa903d7c6d/62_chapter_9.md", "title": "Chapter 9", "snippet": "...all the spell-casting... (1.0s)
2026-08-03 21:47:33 [agent] INFO   iter 4: list_index({"path": "1aaecba1ffec496caf13dcaa903d7c6d"}) -> []... (1.0s)
2026-08-03 21:47:34 [agent] INFO   iter 5: list_index({"path": "1aaecba1ffec496caf13dcaa903d7c6d"}) -> []... (1.2s)
2026-08-03 21:47:37 [agent] INFO   iter 6: list_index({"path": "1aaecba1ffec496caf13dcaa903d7c6d"}) -> []... (2.8s)
2026-08-03 21:47:37 [agent] INFO   iter 6: nudging model to call done
2026-08-03 21:47:38 [agent] INFO   iter 7: list_index({"path": "1aaecba1ffec496caf13dcaa903d7c6d"}) -> []... (1.2s)
2026-08-03 21:47:38 [agent] INFO   iter 7: nudging model to call done
2026-08-03 21:47:40 [agent] INFO   iter 8: list_index({"path": "1aaecba1ffec496caf13dcaa903d7c6d"}) -> []... (2.5s)
2026-08-03 21:47:40 [agent] INFO   iter 8: nudging model to call done
2026-08-03 21:47:41 [agent] INFO   iter 9: list_index({"path": "1aaecba1ffec496caf13dcaa903d7c6d"}) -> []... (1.2s)
2026-08-03 21:47:41 [agent] INFO   iter 9: nudging model to call done
2026-08-03 21:47:43 [agent] INFO   iter 10: ls({"dir": "1aaecba1ffec496caf13dcaa903d7c6d"}) -> ["01_dragon_warriors.md", "02_contents.md", "03_chapter_1_fantasy_roleplay_13_weaponskill_27.md", "04_chapter_2_creating... (1.1s)
2026-08-03 21:47:43 [agent] INFO   iter 10: nudging model to call done
2026-08-03 21:47:44 [agent] INFO   iter 11: read_file({"path": "1aaecba1ffec496caf13dcaa903d7c6d/index.md"}) -> # DW-Rulebook-For-Web  - [DRAGON WARRIORS](01_dragon_warriors/index.md) - [CONTENTS](02_contents/index.md) - [Chapter 1:... (1.5s)
2026-08-03 21:47:44 [agent] INFO   iter 11: nudging model to call done
2026-08-03 21:47:44 [agent] INFO   iter 11: read_file({"path": "1aaecba1ffec496caf13dcaa903d7c6d/04_chapter_2_creating_a_character_17_barbarians_and_armou) -> --- summary: "This section outlines the process of creating a character in Dragon Warriors, including steps for characte... (1.5s)
2026-08-03 21:47:44 [agent] INFO   iter 11: nudging model to call done
2026-08-03 21:47:49 [agent] INFO   iter 12: read_file({"path": "1aaecba1ffec496caf13dcaa903d7c6d/04_chapter_2_creating_a_character_17_barbarians_and_armou) -> (file not found: 1aaecba1ffec496caf13dcaa903d7c6d/04_chapter_2_creating_a_character_17_barbarians_and_armour_28/index.md... (4.5s)
2026-08-03 21:47:49 [agent] INFO   iter 12: nudging model to call done
2026-08-03 21:47:49 [agent] WARNING QUERY BUDGET EXHAUSTED: "How many character classes are there?" (iters=12, 21.8s)
2026-08-03 21:48:49 [agent] INFO QUERY START: "Ok please do that" (history=1 turns)
2026-08-03 21:48:50 [agent] INFO   iter 1: fts_search({"query": "character classes"}) -> [{"path": "1aaecba1ffec496caf13dcaa903d7c6d/62_chapter_9.md", "title": "Chapter 9", "snippet": "...Casting Spells\nthis ... (1.7s)
2026-08-03 21:48:50 [agent] INFO   iter 1: list_index({"path": "/"}) -> []... (1.7s)
2026-08-03 21:48:52 [agent] INFO   iter 2: ls({"dir": "1aaecba1ffec496caf13dcaa903d7c6d"}) -> ["01_dragon_warriors.md", "02_contents.md", "03_chapter_1_fantasy_roleplay_13_weaponskill_27.md", "04_chapter_2_creating... (1.2s)
2026-08-03 21:48:53 [agent] INFO   iter 3: read_file({"path": "1aaecba1ffec496caf13dcaa903d7c6d/19_chapter_2.md"}) -> --- summary: "This chapter introduces the concept of roleplaying in Dragon Warriors, guiding players to create a charact... (1.8s)
2026-08-03 21:48:53 [agent] INFO   iter 3: read_file({"path": "1aaecba1ffec496caf13dcaa903d7c6d/22_choosing_a.md"}) -> --- summary: "This section explains how to create a character in Dragon Warriors by rolling 3d6 for five characteristics... (1.8s)
2026-08-03 21:48:53 [agent] INFO   iter 3: read_file({"path": "1aaecba1ffec496caf13dcaa903d7c6d/23_profession.md"}) -> --- summary: "This section explains how to create a character in Dragon Warriors by rolling five characteristics (Streng... (1.8s)
2026-08-03 21:48:55 [agent] INFO   iter 4: read_file({"path": "1aaecba1ffec496caf13dcaa903d7c6d/19_chapter_2.md", "lines": "1-50"}) -> summary: "This chapter introduces the concept of roleplaying in Dragon Warriors, guiding players to create a character w... (2.0s)
2026-08-03 21:48:59 [agent] INFO   iter 5: DONE called (3.3s)
2026-08-03 21:48:59 [agent] INFO QUERY DONE: "Ok please do that" -> "There are **7 character classes** (called "Professions") in Dragon Warriors: Assassin, Knight, Barba" (iters=5, cites=1, suggestions=3, 9.9s)
2026-08-03 21:52:15 [agent] INFO QUERY START: "What is AC?" (history=0 turns)
2026-08-03 21:52:15 [agent] INFO   iter 1: DONE called (0.0s)
2026-08-03 21:52:15 [agent] INFO QUERY DONE: "What is AC?" -> "AC is 15." (iters=1, cites=1, suggestions=0, 0.0s)
2026-08-03 21:52:15 [agent] INFO QUERY START: "Find goblin stats" (history=0 turns)
2026-08-03 21:52:15 [agent] INFO   iter 1: fts_search({"query": "goblin"}) -> [{"path": "x.md", "title": "Goblin", "snippet": "AC 15"}]... (0.0s)
2026-08-03 21:52:15 [agent] INFO   iter 2: DONE called (0.0s)
2026-08-03 21:52:15 [agent] INFO QUERY DONE: "Find goblin stats" -> "Found goblin." (iters=2, cites=0, suggestions=0, 0.0s)
2026-08-03 21:52:15 [agent] INFO QUERY START: "loop forever" (history=0 turns)
2026-08-03 21:52:15 [agent] INFO   iter 1: fts_search({"query": "x"}) -> []... (0.0s)
2026-08-03 21:52:15 [agent] INFO   iter 2: fts_search({"query": "x"}) -> []... (0.0s)
2026-08-03 21:52:15 [agent] INFO   iter 3: fts_search({"query": "x"}) -> []... (0.0s)
2026-08-03 21:52:15 [agent] WARNING QUERY BUDGET EXHAUSTED: "loop forever" (iters=3, 0.0s)
2026-08-03 21:52:19 [pipeline] INFO JOB f6102baa START doc=d041c54a user=ecc39bb0 pdf=original.pdf
2026-08-03 21:52:19 [pipeline] INFO JOB f6102baa STAGE 1: extracting text from original.pdf
2026-08-03 21:52:19 [pipeline] INFO JOB f6102baa STAGE 1 DONE: 1 pages, 0 OCR, 46 chars, 0.0s
2026-08-03 21:52:19 [pipeline] INFO JOB f6102baa STAGE 2: detecting structure
2026-08-03 21:52:19 [pipeline] INFO JOB f6102baa STAGE 2 DONE: 1 chapters, 1 nodes, 1 leaves, 0.0s
2026-08-03 21:52:19 [pipeline] INFO JOB f6102baa STAGE 3: writing markdown files
2026-08-03 21:52:19 [pipeline] INFO JOB f6102baa STAGE 3 DONE: 1 files written to data/ecc39bb0/d041c54a/, 0.0s
2026-08-03 21:52:19 [pipeline] INFO JOB f6102baa STAGE 4: enriching 1 sections
2026-08-03 21:52:19 [pipeline] DEBUG JOB f6102baa ENRICH 1/1: 01_chapter_1_monsterscid10goblins_have_ac_15.md -> summary="Monster rules." keywords=['monster']
2026-08-03 21:52:19 [pipeline] INFO JOB f6102baa STAGE 4 DONE: 1/1 sections enriched, 0.0s
2026-08-03 21:52:19 [pipeline] INFO JOB f6102baa STAGE 5: building FTS5 index
2026-08-03 21:52:19 [pipeline] INFO JOB f6102baa STAGE 5 DONE: FTS5 index built, 0.0s
2026-08-03 21:52:19 [pipeline] INFO JOB f6102baa COMPLETE: doc=d041c54a title="book"
2026-08-03 21:52:19 [pipeline] INFO JOB d7a4baf0 START doc=repro_do user=16f3207f pdf=original.pdf
2026-08-03 21:52:19 [pipeline] INFO JOB d7a4baf0 STAGE 1: extracting text from original.pdf
2026-08-03 21:52:19 [pipeline] INFO JOB d7a4baf0 STAGE 1 DONE: 1 pages, 0 OCR, 44 chars, 0.0s
2026-08-03 21:52:19 [pipeline] INFO JOB d7a4baf0 STAGE 2: detecting structure
2026-08-03 21:52:19 [pipeline] INFO JOB d7a4baf0 STAGE 2 DONE: 1 chapters, 1 nodes, 1 leaves, 0.0s
2026-08-03 21:52:19 [pipeline] INFO JOB d7a4baf0 STAGE 3: writing markdown files
2026-08-03 21:52:19 [pipeline] INFO JOB d7a4baf0 STAGE 3 DONE: 1 files written to data/16f3207f/repro_do/, 0.0s
2026-08-03 21:52:19 [pipeline] INFO JOB d7a4baf0 STAGE 4: enriching 1 sections
2026-08-03 21:52:19 [pipeline] DEBUG JOB d7a4baf0 ENRICH 1/1: 01_chapter_1_combatcid10goblins_have_ac_15.md -> summary="Reprocessed." keywords=['combat']
2026-08-03 21:52:19 [pipeline] INFO JOB d7a4baf0 STAGE 4 DONE: 1/1 sections enriched, 0.0s
2026-08-03 21:52:19 [pipeline] INFO JOB d7a4baf0 STAGE 5: building FTS5 index
2026-08-03 21:52:19 [pipeline] INFO JOB d7a4baf0 STAGE 5 DONE: FTS5 index built, 0.0s
2026-08-03 21:52:19 [pipeline] INFO JOB d7a4baf0 COMPLETE: doc=repro_do title="Repro Book"
2026-08-03 21:52:19 [pipeline] INFO JOB 0dfc5112 START doc=bad_doc user=9a43ccc3 pdf=bad.pdf
2026-08-03 21:52:19 [pipeline] INFO JOB 0dfc5112 STAGE 1: extracting text from bad.pdf
2026-08-03 21:52:19 [pipeline] ERROR JOB 0dfc5112 FAILED: doc=bad_doc error=Stream has ended unexpectedly
2026-08-03 21:52:20 [agent] INFO QUERY START: "What is AC?" (history=0 turns)
2026-08-03 21:52:21 [pipeline] INFO JOB e0eb1c07 START doc=a3911a04 user=fbbc5b3f pdf=original.pdf
2026-08-03 21:52:21 [pipeline] INFO JOB e0eb1c07 STAGE 1: extracting text from original.pdf
2026-08-03 21:52:21 [pipeline] INFO JOB e0eb1c07 STAGE 1 DONE: 2 pages, 0 OCR, 71 chars, 0.1s
2026-08-03 21:52:21 [pipeline] INFO JOB e0eb1c07 STAGE 2: detecting structure
2026-08-03 21:52:21 [pipeline] INFO JOB e0eb1c07 STAGE 2 DONE: 1 chapters, 1 nodes, 1 leaves, 0.0s
2026-08-03 21:52:21 [pipeline] INFO JOB e0eb1c07 STAGE 3: writing markdown files
2026-08-03 21:52:21 [pipeline] INFO JOB e0eb1c07 STAGE 3 DONE: 1 files written to data/fbbc5b3f/a3911a04/, 0.0s
2026-08-03 21:52:21 [pipeline] INFO JOB e0eb1c07 STAGE 4: enriching 1 sections
2026-08-03 21:52:21 [pipeline] DEBUG JOB e0eb1c07 ENRICH 1/1: 01_chapter_1_combat.md -> summary="Combat rules for goblins." keywords=['goblin', 'combat', 'AC']
2026-08-03 21:52:21 [pipeline] INFO JOB e0eb1c07 STAGE 4 DONE: 1/1 sections enriched, 0.0s
2026-08-03 21:52:21 [pipeline] INFO JOB e0eb1c07 STAGE 5: building FTS5 index
2026-08-03 21:52:21 [pipeline] INFO JOB e0eb1c07 STAGE 5 DONE: FTS5 index built, 0.0s
2026-08-03 21:52:21 [pipeline] INFO JOB e0eb1c07 COMPLETE: doc=a3911a04 title="combat"
2026-08-03 21:52:21 [pipeline] INFO JOB 3740124e START doc=d1 user=alice pdf=test.pdf
2026-08-03 21:52:21 [pipeline] INFO JOB 3740124e STAGE 1: extracting text from test.pdf
2026-08-03 21:52:21 [pipeline] INFO JOB 3740124e STAGE 1 DONE: 1 pages, 0 OCR, 46 chars, 0.1s
2026-08-03 21:52:21 [pipeline] INFO JOB 3740124e STAGE 2: detecting structure
2026-08-03 21:52:21 [pipeline] INFO JOB 3740124e STAGE 2 DONE: 1 chapters, 1 nodes, 1 leaves, 0.0s
2026-08-03 21:52:21 [pipeline] INFO JOB 3740124e STAGE 3: writing markdown files
2026-08-03 21:52:21 [pipeline] INFO JOB 3740124e STAGE 3 DONE: 1 files written to data/alice/d1/, 0.0s
2026-08-03 21:52:21 [pipeline] INFO JOB 3740124e STAGE 4: enriching 1 sections
2026-08-03 21:52:21 [pipeline] DEBUG JOB 3740124e ENRICH 1/1: 01_chapter_1_combat.md -> summary="Combat rules." keywords=['combat', 'goblin']
2026-08-03 21:52:21 [pipeline] INFO JOB 3740124e STAGE 4 DONE: 1/1 sections enriched, 0.0s
2026-08-03 21:52:21 [pipeline] INFO JOB 3740124e STAGE 5: building FTS5 index
2026-08-03 21:52:21 [pipeline] INFO JOB 3740124e STAGE 5 DONE: FTS5 index built, 0.0s
2026-08-03 21:52:21 [pipeline] INFO JOB 3740124e COMPLETE: doc=d1 title="Test Book"
2026-08-03 21:52:21 [pipeline] INFO JOB 48b01b8f START doc=d1 user=alice pdf=bad.pdf
2026-08-03 21:52:21 [pipeline] INFO JOB 48b01b8f STAGE 1: extracting text from bad.pdf
2026-08-03 21:52:21 [pipeline] ERROR JOB 48b01b8f FAILED: doc=d1 error=Stream has ended unexpectedly
2026-08-03 21:53:02 [agent] INFO QUERY START: "What is AC?" (history=0 turns)
2026-08-03 21:53:02 [agent] INFO   iter 1: DONE called (0.0s)
2026-08-03 21:53:02 [agent] INFO QUERY DONE: "What is AC?" -> "AC is 15." (iters=1, cites=1, suggestions=0, 0.0s)
2026-08-03 21:53:02 [agent] INFO QUERY START: "Find goblin stats" (history=0 turns)
2026-08-03 21:53:02 [agent] INFO   iter 1: fts_search({"query": "goblin"}) -> [{"path": "x.md", "title": "Goblin", "snippet": "AC 15"}]... (0.0s)
2026-08-03 21:53:02 [agent] INFO   iter 2: DONE called (0.0s)
2026-08-03 21:53:02 [agent] INFO QUERY DONE: "Find goblin stats" -> "Found goblin." (iters=2, cites=0, suggestions=0, 0.0s)
2026-08-03 21:53:02 [agent] INFO QUERY START: "loop forever" (history=0 turns)
2026-08-03 21:53:02 [agent] INFO   iter 1: fts_search({"query": "x"}) -> []... (0.0s)
2026-08-03 21:53:02 [agent] INFO   iter 2: fts_search({"query": "x"}) -> []... (0.0s)
2026-08-03 21:53:02 [agent] INFO   iter 3: fts_search({"query": "x"}) -> []... (0.0s)
2026-08-03 21:53:02 [agent] WARNING QUERY BUDGET EXHAUSTED: "loop forever" (iters=3, 0.0s)
2026-08-03 21:53:05 [pipeline] INFO JOB 6a79bfd4 START doc=dbff1ac8 user=5da00507 pdf=original.pdf
2026-08-03 21:53:05 [pipeline] INFO JOB 6a79bfd4 STAGE 1: extracting text from original.pdf
2026-08-03 21:53:05 [pipeline] INFO JOB 6a79bfd4 STAGE 1 DONE: 1 pages, 0 OCR, 46 chars, 0.0s
2026-08-03 21:53:05 [pipeline] INFO JOB 6a79bfd4 STAGE 2: detecting structure
2026-08-03 21:53:05 [pipeline] INFO JOB 6a79bfd4 STAGE 2 DONE: 1 chapters, 1 nodes, 1 leaves, 0.0s
2026-08-03 21:53:05 [pipeline] INFO JOB 6a79bfd4 STAGE 3: writing markdown files
2026-08-03 21:53:05 [pipeline] INFO JOB 6a79bfd4 STAGE 3 DONE: 1 files written to data/5da00507/dbff1ac8/, 0.0s
2026-08-03 21:53:05 [pipeline] INFO JOB 6a79bfd4 STAGE 4: enriching 1 sections
2026-08-03 21:53:05 [pipeline] DEBUG JOB 6a79bfd4 ENRICH 1/1: 01_chapter_1_monsterscid10goblins_have_ac_15.md -> summary="Monster rules." keywords=['monster']
2026-08-03 21:53:05 [pipeline] INFO JOB 6a79bfd4 STAGE 4 DONE: 1/1 sections enriched, 0.0s
2026-08-03 21:53:05 [pipeline] INFO JOB 6a79bfd4 STAGE 5: building FTS5 index
2026-08-03 21:53:05 [pipeline] INFO JOB 6a79bfd4 STAGE 5 DONE: FTS5 index built, 0.0s
2026-08-03 21:53:05 [pipeline] INFO JOB 6a79bfd4 COMPLETE: doc=dbff1ac8 title="book"
2026-08-03 21:53:05 [pipeline] INFO JOB c1014dd2 START doc=repro_do user=dfa93b41 pdf=original.pdf
2026-08-03 21:53:05 [pipeline] INFO JOB c1014dd2 STAGE 1: extracting text from original.pdf
2026-08-03 21:53:06 [pipeline] INFO JOB c1014dd2 STAGE 1 DONE: 1 pages, 0 OCR, 44 chars, 0.0s
2026-08-03 21:53:06 [pipeline] INFO JOB c1014dd2 STAGE 2: detecting structure
2026-08-03 21:53:06 [pipeline] INFO JOB c1014dd2 STAGE 2 DONE: 1 chapters, 1 nodes, 1 leaves, 0.0s
2026-08-03 21:53:06 [pipeline] INFO JOB c1014dd2 STAGE 3: writing markdown files
2026-08-03 21:53:06 [pipeline] INFO JOB c1014dd2 STAGE 3 DONE: 1 files written to data/dfa93b41/repro_do/, 0.0s
2026-08-03 21:53:06 [pipeline] INFO JOB c1014dd2 STAGE 4: enriching 1 sections
2026-08-03 21:53:06 [pipeline] DEBUG JOB c1014dd2 ENRICH 1/1: 01_chapter_1_combatcid10goblins_have_ac_15.md -> summary="Reprocessed." keywords=['combat']
2026-08-03 21:53:06 [pipeline] INFO JOB c1014dd2 STAGE 4 DONE: 1/1 sections enriched, 0.0s
2026-08-03 21:53:06 [pipeline] INFO JOB c1014dd2 STAGE 5: building FTS5 index
2026-08-03 21:53:06 [pipeline] INFO JOB c1014dd2 STAGE 5 DONE: FTS5 index built, 0.0s
2026-08-03 21:53:06 [pipeline] INFO JOB c1014dd2 COMPLETE: doc=repro_do title="Repro Book"
2026-08-03 21:53:06 [pipeline] INFO JOB 0a969b67 START doc=bad_doc user=5887de95 pdf=bad.pdf
2026-08-03 21:53:06 [pipeline] INFO JOB 0a969b67 STAGE 1: extracting text from bad.pdf
2026-08-03 21:53:06 [pipeline] ERROR JOB 0a969b67 FAILED: doc=bad_doc error=Stream has ended unexpectedly
2026-08-03 21:53:06 [agent] INFO QUERY START: "What is AC?" (history=0 turns)
2026-08-03 21:53:07 [pipeline] INFO JOB 816663b0 START doc=47a60a50 user=a3bc80d7 pdf=original.pdf
2026-08-03 21:53:07 [pipeline] INFO JOB 816663b0 STAGE 1: extracting text from original.pdf
2026-08-03 21:53:07 [pipeline] INFO JOB 816663b0 STAGE 1 DONE: 2 pages, 0 OCR, 71 chars, 0.0s
2026-08-03 21:53:07 [pipeline] INFO JOB 816663b0 STAGE 2: detecting structure
2026-08-03 21:53:07 [pipeline] INFO JOB 816663b0 STAGE 2 DONE: 1 chapters, 1 nodes, 1 leaves, 0.0s
2026-08-03 21:53:07 [pipeline] INFO JOB 816663b0 STAGE 3: writing markdown files
2026-08-03 21:53:07 [pipeline] INFO JOB 816663b0 STAGE 3 DONE: 1 files written to data/a3bc80d7/47a60a50/, 0.0s
2026-08-03 21:53:07 [pipeline] INFO JOB 816663b0 STAGE 4: enriching 1 sections
2026-08-03 21:53:07 [pipeline] DEBUG JOB 816663b0 ENRICH 1/1: 01_chapter_1_combat.md -> summary="Combat rules for goblins." keywords=['goblin', 'combat', 'AC']
2026-08-03 21:53:07 [pipeline] INFO JOB 816663b0 STAGE 4 DONE: 1/1 sections enriched, 0.0s
2026-08-03 21:53:07 [pipeline] INFO JOB 816663b0 STAGE 5: building FTS5 index
2026-08-03 21:53:07 [pipeline] INFO JOB 816663b0 STAGE 5 DONE: FTS5 index built, 0.0s
2026-08-03 21:53:07 [pipeline] INFO JOB 816663b0 COMPLETE: doc=47a60a50 title="combat"
2026-08-03 21:53:08 [pipeline] INFO JOB b99720f5 START doc=d1 user=alice pdf=test.pdf
2026-08-03 21:53:08 [pipeline] INFO JOB b99720f5 STAGE 1: extracting text from test.pdf
2026-08-03 21:53:08 [pipeline] INFO JOB b99720f5 STAGE 1 DONE: 1 pages, 0 OCR, 46 chars, 0.1s
2026-08-03 21:53:08 [pipeline] INFO JOB b99720f5 STAGE 2: detecting structure
2026-08-03 21:53:08 [pipeline] INFO JOB b99720f5 STAGE 2 DONE: 1 chapters, 1 nodes, 1 leaves, 0.0s
2026-08-03 21:53:08 [pipeline] INFO JOB b99720f5 STAGE 3: writing markdown files
2026-08-03 21:53:08 [pipeline] INFO JOB b99720f5 STAGE 3 DONE: 1 files written to data/alice/d1/, 0.0s
2026-08-03 21:53:08 [pipeline] INFO JOB b99720f5 STAGE 4: enriching 1 sections
2026-08-03 21:53:08 [pipeline] DEBUG JOB b99720f5 ENRICH 1/1: 01_chapter_1_combat.md -> summary="Combat rules." keywords=['combat', 'goblin']
2026-08-03 21:53:08 [pipeline] INFO JOB b99720f5 STAGE 4 DONE: 1/1 sections enriched, 0.0s
2026-08-03 21:53:08 [pipeline] INFO JOB b99720f5 STAGE 5: building FTS5 index
2026-08-03 21:53:08 [pipeline] INFO JOB b99720f5 STAGE 5 DONE: FTS5 index built, 0.0s
2026-08-03 21:53:08 [pipeline] INFO JOB b99720f5 COMPLETE: doc=d1 title="Test Book"
2026-08-03 21:53:08 [pipeline] INFO JOB b129ee76 START doc=d1 user=alice pdf=bad.pdf
2026-08-03 21:53:08 [pipeline] INFO JOB b129ee76 STAGE 1: extracting text from bad.pdf
2026-08-03 21:53:08 [pipeline] ERROR JOB b129ee76 FAILED: doc=d1 error=Stream has ended unexpectedly
2026-08-03 21:53:44 [agent] INFO QUERY START: "What is AC?" (history=0 turns)
2026-08-03 21:53:44 [agent] INFO   iter 1: DONE called (0.0s)
2026-08-03 21:53:44 [agent] INFO QUERY DONE: "What is AC?" -> "AC is 15." (iters=1, cites=1, suggestions=0, 0.0s)
2026-08-03 21:53:44 [agent] INFO QUERY START: "Find goblin stats" (history=0 turns)
2026-08-03 21:53:44 [agent] INFO   iter 1: fts_search({"query": "goblin"}) -> [{"path": "x.md", "title": "Goblin", "snippet": "AC 15"}]... (0.0s)
2026-08-03 21:53:44 [agent] INFO   iter 2: DONE called (0.0s)
2026-08-03 21:53:44 [agent] INFO QUERY DONE: "Find goblin stats" -> "Found goblin." (iters=2, cites=0, suggestions=0, 0.0s)
2026-08-03 21:53:44 [agent] INFO QUERY START: "loop forever" (history=0 turns)
2026-08-03 21:53:44 [agent] INFO   iter 1: fts_search({"query": "x"}) -> []... (0.0s)
2026-08-03 21:53:44 [agent] INFO   iter 2: fts_search({"query": "x"}) -> []... (0.0s)
2026-08-03 21:53:44 [agent] INFO   iter 3: fts_search({"query": "x"}) -> []... (0.0s)
2026-08-03 21:53:44 [agent] WARNING QUERY BUDGET EXHAUSTED: "loop forever" (iters=3, 0.0s)
2026-08-03 21:53:48 [pipeline] INFO JOB 54c30e3a START doc=bb2b78dc user=40f538e7 pdf=original.pdf
2026-08-03 21:53:48 [pipeline] INFO JOB 54c30e3a STAGE 1: extracting text from original.pdf
2026-08-03 21:53:48 [pipeline] INFO JOB 54c30e3a STAGE 1 DONE: 1 pages, 0 OCR, 46 chars, 0.1s
2026-08-03 21:53:48 [pipeline] INFO JOB 54c30e3a STAGE 2: detecting structure
2026-08-03 21:53:48 [pipeline] INFO JOB 54c30e3a STAGE 2 DONE: 1 chapters, 1 nodes, 1 leaves, 0.0s
2026-08-03 21:53:48 [pipeline] INFO JOB 54c30e3a STAGE 3: writing markdown files
2026-08-03 21:53:48 [pipeline] INFO JOB 54c30e3a STAGE 3 DONE: 1 files written to data/40f538e7/bb2b78dc/, 0.0s
2026-08-03 21:53:48 [pipeline] INFO JOB 54c30e3a STAGE 4: enriching 1 sections
2026-08-03 21:53:48 [pipeline] DEBUG JOB 54c30e3a ENRICH 1/1: 01_chapter_1_monsterscid10goblins_have_ac_15.md -> summary="Monster rules." keywords=['monster']
2026-08-03 21:53:48 [pipeline] INFO JOB 54c30e3a STAGE 4 DONE: 1/1 sections enriched, 0.0s
2026-08-03 21:53:48 [pipeline] INFO JOB 54c30e3a STAGE 5: building FTS5 index
2026-08-03 21:53:48 [pipeline] INFO JOB 54c30e3a STAGE 5 DONE: FTS5 index built, 0.0s
2026-08-03 21:53:48 [pipeline] INFO JOB 54c30e3a COMPLETE: doc=bb2b78dc title="book"
2026-08-03 21:53:48 [pipeline] INFO JOB 10fb8c66 START doc=repro_do user=4d88b284 pdf=original.pdf
2026-08-03 21:53:48 [pipeline] INFO JOB 10fb8c66 STAGE 1: extracting text from original.pdf
2026-08-03 21:53:48 [pipeline] INFO JOB 10fb8c66 STAGE 1 DONE: 1 pages, 0 OCR, 44 chars, 0.0s
2026-08-03 21:53:48 [pipeline] INFO JOB 10fb8c66 STAGE 2: detecting structure
2026-08-03 21:53:48 [pipeline] INFO JOB 10fb8c66 STAGE 2 DONE: 1 chapters, 1 nodes, 1 leaves, 0.0s
2026-08-03 21:53:48 [pipeline] INFO JOB 10fb8c66 STAGE 3: writing markdown files
2026-08-03 21:53:48 [pipeline] INFO JOB 10fb8c66 STAGE 3 DONE: 1 files written to data/4d88b284/repro_do/, 0.0s
2026-08-03 21:53:48 [pipeline] INFO JOB 10fb8c66 STAGE 4: enriching 1 sections
2026-08-03 21:53:48 [pipeline] DEBUG JOB 10fb8c66 ENRICH 1/1: 01_chapter_1_combatcid10goblins_have_ac_15.md -> summary="Reprocessed." keywords=['combat']
2026-08-03 21:53:48 [pipeline] INFO JOB 10fb8c66 STAGE 4 DONE: 1/1 sections enriched, 0.0s
2026-08-03 21:53:48 [pipeline] INFO JOB 10fb8c66 STAGE 5: building FTS5 index
2026-08-03 21:53:48 [pipeline] INFO JOB 10fb8c66 STAGE 5 DONE: FTS5 index built, 0.0s
2026-08-03 21:53:48 [pipeline] INFO JOB 10fb8c66 COMPLETE: doc=repro_do title="Repro Book"
2026-08-03 21:53:48 [pipeline] INFO JOB 60becaf4 START doc=bad_doc user=bd9083d0 pdf=bad.pdf
2026-08-03 21:53:48 [pipeline] INFO JOB 60becaf4 STAGE 1: extracting text from bad.pdf
2026-08-03 21:53:48 [pipeline] ERROR JOB 60becaf4 FAILED: doc=bad_doc error=Stream has ended unexpectedly
2026-08-03 21:53:48 [agent] INFO QUERY START: "What is AC?" (history=0 turns)
2026-08-03 21:53:49 [pipeline] INFO JOB 051c2779 START doc=f0e01cd1 user=3d8e2103 pdf=original.pdf
2026-08-03 21:53:49 [pipeline] INFO JOB 051c2779 STAGE 1: extracting text from original.pdf
2026-08-03 21:53:49 [pipeline] INFO JOB 051c2779 STAGE 1 DONE: 2 pages, 0 OCR, 71 chars, 0.1s
2026-08-03 21:53:49 [pipeline] INFO JOB 051c2779 STAGE 2: detecting structure
2026-08-03 21:53:49 [pipeline] INFO JOB 051c2779 STAGE 2 DONE: 1 chapters, 1 nodes, 1 leaves, 0.0s
2026-08-03 21:53:49 [pipeline] INFO JOB 051c2779 STAGE 3: writing markdown files
2026-08-03 21:53:49 [pipeline] INFO JOB 051c2779 STAGE 3 DONE: 1 files written to data/3d8e2103/f0e01cd1/, 0.0s
2026-08-03 21:53:49 [pipeline] INFO JOB 051c2779 STAGE 4: enriching 1 sections
2026-08-03 21:53:49 [pipeline] DEBUG JOB 051c2779 ENRICH 1/1: 01_chapter_1_combat.md -> summary="Combat rules for goblins." keywords=['goblin', 'combat', 'AC']
2026-08-03 21:53:49 [pipeline] INFO JOB 051c2779 STAGE 4 DONE: 1/1 sections enriched, 0.0s
2026-08-03 21:53:49 [pipeline] INFO JOB 051c2779 STAGE 5: building FTS5 index
2026-08-03 21:53:49 [pipeline] INFO JOB 051c2779 STAGE 5 DONE: FTS5 index built, 0.0s
2026-08-03 21:53:49 [pipeline] INFO JOB 051c2779 COMPLETE: doc=f0e01cd1 title="combat"
2026-08-03 21:53:50 [pipeline] INFO JOB 75243d58 START doc=d1 user=alice pdf=test.pdf
2026-08-03 21:53:50 [pipeline] INFO JOB 75243d58 STAGE 1: extracting text from test.pdf
2026-08-03 21:53:50 [pipeline] INFO JOB 75243d58 STAGE 1 DONE: 1 pages, 0 OCR, 46 chars, 0.1s
2026-08-03 21:53:50 [pipeline] INFO JOB 75243d58 STAGE 2: detecting structure
2026-08-03 21:53:50 [pipeline] INFO JOB 75243d58 STAGE 2 DONE: 1 chapters, 1 nodes, 1 leaves, 0.0s
2026-08-03 21:53:50 [pipeline] INFO JOB 75243d58 STAGE 3: writing markdown files
2026-08-03 21:53:50 [pipeline] INFO JOB 75243d58 STAGE 3 DONE: 1 files written to data/alice/d1/, 0.0s
2026-08-03 21:53:50 [pipeline] INFO JOB 75243d58 STAGE 4: enriching 1 sections
2026-08-03 21:53:50 [pipeline] DEBUG JOB 75243d58 ENRICH 1/1: 01_chapter_1_combat.md -> summary="Combat rules." keywords=['combat', 'goblin']
2026-08-03 21:53:50 [pipeline] INFO JOB 75243d58 STAGE 4 DONE: 1/1 sections enriched, 0.0s
2026-08-03 21:53:50 [pipeline] INFO JOB 75243d58 STAGE 5: building FTS5 index
2026-08-03 21:53:50 [pipeline] INFO JOB 75243d58 STAGE 5 DONE: FTS5 index built, 0.0s
2026-08-03 21:53:50 [pipeline] INFO JOB 75243d58 COMPLETE: doc=d1 title="Test Book"
2026-08-03 21:53:50 [pipeline] INFO JOB 67532aba START doc=d1 user=alice pdf=bad.pdf
2026-08-03 21:53:50 [pipeline] INFO JOB 67532aba STAGE 1: extracting text from bad.pdf
2026-08-03 21:53:50 [pipeline] ERROR JOB 67532aba FAILED: doc=d1 error=Stream has ended unexpectedly
2026-08-03 22:03:25 [agent] INFO QUERY START: "What are the requirements for making a wizard character?" (history=0 turns)
2026-08-03 22:03:26 [agent] INFO   iter 1: fts_search({"query": "wizard class requirements"}) -> [{"path": "1aaecba1ffec496caf13dcaa903d7c6d/03_chapter_1_fantasy_roleplay_13_weaponskill_27.md", "title": "Chapter 1: Fa... (1.3s)
2026-08-03 22:03:26 [agent] INFO   iter 1: fts_search({"query": "wizard character creation"}) -> [{"path": "1aaecba1ffec496caf13dcaa903d7c6d/02_contents.md", "title": "CONTENTS", "snippet": "...23 Minimum requirements... (1.3s)
2026-08-03 22:03:28 [agent] INFO   iter 2: read_file({"path": "1aaecba1ffec496caf13dcaa903d7c6d/02_contents.md"}) -> --- summary: "This section of the Dragon Warriors RPG manual includes the table of contents, an introduction to fantasy ... (1.5s)
2026-08-03 22:03:28 [agent] INFO   iter 2: read_file({"path": "1aaecba1ffec496caf13dcaa903d7c6d/42_wizards.md"}) -> --- summary: "The Dragon Warriors game features four wizard classes—Sorcerers, Elementalists, Mystics, and Warlocks—each... (1.5s)
2026-08-03 22:03:29 [agent] INFO   iter 3: read_file({"path": "1aaecba1ffec496caf13dcaa903d7c6d/42_wizards.md"}) -> --- summary: "The Dragon Warriors game features four wizard classes—Sorcerers, Elementalists, Mystics, and Warlocks—each... (1.3s)
2026-08-03 22:03:32 [agent] INFO   iter 4: read_file({"path": "1aaecba1ffec496caf13dcaa903d7c6d/42_wizards.md", "lines": "1-200"}) -> summary: "The Dragon Warriors game features four wizard classes—Sorcerers, Elementalists, Mystics, and Warlocks—each wit... (2.4s)
2026-08-03 22:03:33 [agent] INFO   iter 5: read_file({"path": "1aaecba1ffec496caf13dcaa903d7c6d/04_chapter_2_creating_a_character_17_barbarians_and_armou) -> --- summary: "This section outlines the process of creating a character in Dragon Warriors, including steps for characte... (1.7s)
2026-08-03 22:03:33 [agent] INFO   iter 5: grep({"pattern": "Minimum requirements", "path": "1aaecba1ffec496caf13dcaa903d7c6d"}) -> []... (1.7s)
2026-08-03 22:03:36 [agent] INFO   iter 6: fts_search({"query": "Mystics minimum requirements"}) -> [{"path": "1aaecba1ffec496caf13dcaa903d7c6d/05_chapter_3_the_fighters_25_mystics_and_armour_33.md", "title": "Chapter 3:... (2.5s)
2026-08-03 22:03:36 [agent] INFO   iter 6: nudging model to call done
2026-08-03 22:03:36 [agent] INFO   iter 6: fts_search({"query": "Elementalists minimum requirements"}) -> [{"path": "1aaecba1ffec496caf13dcaa903d7c6d/05_chapter_3_the_fighters_25_mystics_and_armour_33.md", "title": "Chapter 3:... (2.5s)
2026-08-03 22:03:36 [agent] INFO   iter 6: nudging model to call done
2026-08-03 22:03:36 [agent] INFO   iter 6: fts_search({"query": "Warlock minimum requirements"}) -> [{"path": "1aaecba1ffec496caf13dcaa903d7c6d/05_chapter_3_the_fighters_25_mystics_and_armour_33.md", "title": "Chapter 3:... (2.5s)
2026-08-03 22:03:36 [agent] INFO   iter 6: nudging model to call done
2026-08-03 22:03:38 [agent] INFO   iter 7: read_file({"path": "1aaecba1ffec496caf13dcaa903d7c6d/42_wizards.md"}) -> --- summary: "The Dragon Warriors game features four wizard classes—Sorcerers, Elementalists, Mystics, and Warlocks—each... (1.7s)
2026-08-03 22:03:38 [agent] INFO   iter 7: nudging model to call done
2026-08-03 22:03:38 [agent] INFO   iter 7: read_file({"path": "1aaecba1ffec496caf13dcaa903d7c6d/04_chapter_2_creating_a_character_17_barbarians_and_armou) -> --- summary: "This section outlines the process of creating a character in Dragon Warriors, including steps for characte... (1.7s)
2026-08-03 22:03:38 [agent] INFO   iter 7: nudging model to call done
2026-08-03 22:03:40 [agent] INFO   iter 8: read_file({"path": "1aaecba1ffec496caf13dcaa903d7c6d/42_wizards.md"}) -> --- summary: "The Dragon Warriors game features four wizard classes—Sorcerers, Elementalists, Mystics, and Warlocks—each... (2.7s)
2026-08-03 22:03:40 [agent] INFO   iter 8: nudging model to call done
2026-08-03 22:03:40 [agent] INFO   iter 8: read_file({"path": "1aaecba1ffec496caf13dcaa903d7c6d/04_chapter_2_creating_a_character_17_barbarians_and_armou) -> --- summary: "This section outlines the process of creating a character in Dragon Warriors, including steps for characte... (2.7s)
2026-08-03 22:03:40 [agent] INFO   iter 8: nudging model to call done
2026-08-03 22:03:43 [agent] INFO   iter 9: ls({"dir": "1aaecba1ffec496caf13dcaa903d7c6d"}) -> ["01_dragon_warriors.md", "02_contents.md", "03_chapter_1_fantasy_roleplay_13_weaponskill_27.md", "04_chapter_2_creating... (2.5s)
2026-08-03 22:03:43 [agent] INFO   iter 9: nudging model to call done
2026-08-03 22:03:45 [agent] INFO   iter 10: read_file({"path": "1aaecba1ffec496caf13dcaa903d7c6d/44_mystics.md"}) -> --- summary: "Mystics are spellcasters who rely on mental powers rather than wands, with special abilities including Pre... (2.7s)
2026-08-03 22:03:45 [agent] INFO   iter 10: nudging model to call done
2026-08-03 22:03:45 [agent] INFO   iter 10: read_file({"path": "1aaecba1ffec496caf13dcaa903d7c6d/45_elementalists.md"}) -> --- summary: "This section describes two magical professions: Elementalists, who harness elemental powers (fire, air, wa... (2.7s)
2026-08-03 22:03:45 [agent] INFO   iter 10: nudging model to call done
2026-08-03 22:03:45 [agent] INFO   iter 10: read_file({"path": "1aaecba1ffec496caf13dcaa903d7c6d/47_warlocks.md"}) -> --- summary: "Warlocks are fighter-mages who combine sword and sorcery, specializing in specific weapon groups and gaini... (2.7s)
2026-08-03 22:03:45 [agent] INFO   iter 10: nudging model to call done
2026-08-03 22:03:54 [agent] INFO   iter 11: DONE called (8.7s)
2026-08-03 22:03:54 [agent] INFO QUERY DONE: "What are the requirements for making a wizard character?" -> "## Requirements for Making a Wizard Character in Dragon Warriors

In Dragon Warriors, "wizards" is a" (iters=11, cites=6, suggestions=3, 29.0s)
2026-08-03 22:11:48 [agent] INFO QUERY START: "What is AC?" (history=0 turns)
2026-08-03 22:11:48 [agent] INFO   iter 1: DONE called (0.0s)
2026-08-03 22:11:48 [agent] INFO QUERY DONE: "What is AC?" -> "AC is 15." (iters=1, cites=1, suggestions=0, 0.0s)
2026-08-03 22:11:48 [agent] INFO QUERY START: "Find goblin stats" (history=0 turns)
2026-08-03 22:11:48 [agent] INFO   iter 1: fts_search({"query": "goblin"}) -> [{"path": "x.md", "title": "Goblin", "snippet": "AC 15"}]... (0.0s)
2026-08-03 22:11:48 [agent] INFO   iter 2: DONE called (0.0s)
2026-08-03 22:11:48 [agent] INFO QUERY DONE: "Find goblin stats" -> "Found goblin." (iters=2, cites=0, suggestions=0, 0.0s)
2026-08-03 22:11:48 [agent] INFO QUERY START: "loop forever" (history=0 turns)
2026-08-03 22:11:48 [agent] INFO   iter 1: fts_search({"query": "x"}) -> []... (0.0s)
2026-08-03 22:11:48 [agent] INFO   iter 2: fts_search({"query": "x"}) -> []... (0.0s)
2026-08-03 22:11:48 [agent] INFO   iter 3: fts_search({"query": "x"}) -> []... (0.0s)
2026-08-03 22:11:48 [agent] WARNING QUERY BUDGET EXHAUSTED: "loop forever" (iters=3, 0.0s)
2026-08-03 22:11:51 [pipeline] INFO JOB 0c9884d5 START doc=2ebd575a user=960707bd pdf=original.pdf
2026-08-03 22:11:51 [pipeline] INFO JOB 0c9884d5 STAGE 1: extracting text from original.pdf
2026-08-03 22:11:52 [pipeline] INFO JOB 0c9884d5 STAGE 1 DONE: 1 pages, 0 OCR, 46 chars, 0.1s
2026-08-03 22:11:52 [pipeline] INFO JOB 0c9884d5 STAGE 2: detecting structure
2026-08-03 22:11:52 [pipeline] INFO JOB 0c9884d5 STAGE 2 DONE: 1 chapters, 1 nodes, 1 leaves, 0.0s
2026-08-03 22:11:52 [pipeline] INFO JOB 0c9884d5 STAGE 3: writing markdown files
2026-08-03 22:11:52 [pipeline] INFO JOB 0c9884d5 STAGE 3 DONE: 1 files written to data/960707bd/2ebd575a/, 0.0s
2026-08-03 22:11:52 [pipeline] INFO JOB 0c9884d5 STAGE 4: enriching 1 sections
2026-08-03 22:11:52 [pipeline] DEBUG JOB 0c9884d5 ENRICH 1/1: 01_chapter_1_monsterscid10goblins_have_ac_15.md -> summary="Monster rules." keywords=['monster']
2026-08-03 22:11:52 [pipeline] INFO JOB 0c9884d5 STAGE 4 DONE: 1/1 sections enriched, 0.0s
2026-08-03 22:11:52 [pipeline] INFO JOB 0c9884d5 STAGE 5: building FTS5 index
2026-08-03 22:11:52 [pipeline] INFO JOB 0c9884d5 STAGE 5 DONE: FTS5 index built, 0.0s
2026-08-03 22:11:52 [pipeline] INFO JOB 0c9884d5 COMPLETE: doc=2ebd575a title="book"
2026-08-03 22:11:52 [pipeline] INFO JOB 53d5f3f6 START doc=repro_do user=b3b6cb0d pdf=original.pdf
2026-08-03 22:11:52 [pipeline] INFO JOB 53d5f3f6 STAGE 1: extracting text from original.pdf
2026-08-03 22:11:52 [pipeline] INFO JOB 53d5f3f6 STAGE 1 DONE: 1 pages, 0 OCR, 44 chars, 0.1s
2026-08-03 22:11:52 [pipeline] INFO JOB 53d5f3f6 STAGE 2: detecting structure
2026-08-03 22:11:52 [pipeline] INFO JOB 53d5f3f6 STAGE 2 DONE: 1 chapters, 1 nodes, 1 leaves, 0.0s
2026-08-03 22:11:52 [pipeline] INFO JOB 53d5f3f6 STAGE 3: writing markdown files
2026-08-03 22:11:52 [pipeline] INFO JOB 53d5f3f6 STAGE 3 DONE: 1 files written to data/b3b6cb0d/repro_do/, 0.0s
2026-08-03 22:11:52 [pipeline] INFO JOB 53d5f3f6 STAGE 4: enriching 1 sections
2026-08-03 22:11:52 [pipeline] DEBUG JOB 53d5f3f6 ENRICH 1/1: 01_chapter_1_combatcid10goblins_have_ac_15.md -> summary="Reprocessed." keywords=['combat']
2026-08-03 22:11:52 [pipeline] INFO JOB 53d5f3f6 STAGE 4 DONE: 1/1 sections enriched, 0.0s
2026-08-03 22:11:52 [pipeline] INFO JOB 53d5f3f6 STAGE 5: building FTS5 index
2026-08-03 22:11:52 [pipeline] INFO JOB 53d5f3f6 STAGE 5 DONE: FTS5 index built, 0.0s
2026-08-03 22:11:52 [pipeline] INFO JOB 53d5f3f6 COMPLETE: doc=repro_do title="Repro Book"
2026-08-03 22:11:52 [pipeline] INFO JOB eb3c3ef8 START doc=bad_doc user=7968a38b pdf=bad.pdf
2026-08-03 22:11:52 [pipeline] INFO JOB eb3c3ef8 STAGE 1: extracting text from bad.pdf
2026-08-03 22:11:52 [pipeline] ERROR JOB eb3c3ef8 FAILED: doc=bad_doc error=Stream has ended unexpectedly
2026-08-03 22:11:52 [agent] INFO QUERY START: "What is AC?" (history=0 turns)
2026-08-03 22:11:53 [pipeline] INFO JOB aab022b0 START doc=e4721944 user=e378744a pdf=original.pdf
2026-08-03 22:11:53 [pipeline] INFO JOB aab022b0 STAGE 1: extracting text from original.pdf
2026-08-03 22:11:53 [pipeline] INFO JOB aab022b0 STAGE 1 DONE: 2 pages, 0 OCR, 71 chars, 0.1s
2026-08-03 22:11:53 [pipeline] INFO JOB aab022b0 STAGE 2: detecting structure
2026-08-03 22:11:53 [pipeline] INFO JOB aab022b0 STAGE 2 DONE: 1 chapters, 1 nodes, 1 leaves, 0.0s
2026-08-03 22:11:53 [pipeline] INFO JOB aab022b0 STAGE 3: writing markdown files
2026-08-03 22:11:53 [pipeline] INFO JOB aab022b0 STAGE 3 DONE: 1 files written to data/e378744a/e4721944/, 0.0s
2026-08-03 22:11:53 [pipeline] INFO JOB aab022b0 STAGE 4: enriching 1 sections
2026-08-03 22:11:53 [pipeline] DEBUG JOB aab022b0 ENRICH 1/1: 01_chapter_1_combat.md -> summary="Combat rules for goblins." keywords=['goblin', 'combat', 'AC']
2026-08-03 22:11:53 [pipeline] INFO JOB aab022b0 STAGE 4 DONE: 1/1 sections enriched, 0.0s
2026-08-03 22:11:53 [pipeline] INFO JOB aab022b0 STAGE 5: building FTS5 index
2026-08-03 22:11:53 [pipeline] INFO JOB aab022b0 STAGE 5 DONE: FTS5 index built, 0.0s
2026-08-03 22:11:53 [pipeline] INFO JOB aab022b0 COMPLETE: doc=e4721944 title="combat"
2026-08-03 22:11:54 [pipeline] INFO JOB fdc21306 START doc=d1 user=alice pdf=test.pdf
2026-08-03 22:11:54 [pipeline] INFO JOB fdc21306 STAGE 1: extracting text from test.pdf
2026-08-03 22:11:54 [pipeline] INFO JOB fdc21306 STAGE 1 DONE: 1 pages, 0 OCR, 46 chars, 0.1s
2026-08-03 22:11:54 [pipeline] INFO JOB fdc21306 STAGE 2: detecting structure
2026-08-03 22:11:54 [pipeline] INFO JOB fdc21306 STAGE 2 DONE: 1 chapters, 1 nodes, 1 leaves, 0.0s
2026-08-03 22:11:54 [pipeline] INFO JOB fdc21306 STAGE 3: writing markdown files
2026-08-03 22:11:54 [pipeline] INFO JOB fdc21306 STAGE 3 DONE: 1 files written to data/alice/d1/, 0.0s
2026-08-03 22:11:54 [pipeline] INFO JOB fdc21306 STAGE 4: enriching 1 sections
2026-08-03 22:11:54 [pipeline] DEBUG JOB fdc21306 ENRICH 1/1: 01_chapter_1_combat.md -> summary="Combat rules." keywords=['combat', 'goblin']
2026-08-03 22:11:54 [pipeline] INFO JOB fdc21306 STAGE 4 DONE: 1/1 sections enriched, 0.0s
2026-08-03 22:11:54 [pipeline] INFO JOB fdc21306 STAGE 5: building FTS5 index
2026-08-03 22:11:54 [pipeline] INFO JOB fdc21306 STAGE 5 DONE: FTS5 index built, 0.0s
2026-08-03 22:11:54 [pipeline] INFO JOB fdc21306 COMPLETE: doc=d1 title="Test Book"
2026-08-03 22:11:54 [pipeline] INFO JOB c2efbc4f START doc=d1 user=alice pdf=bad.pdf
2026-08-03 22:11:54 [pipeline] INFO JOB c2efbc4f STAGE 1: extracting text from bad.pdf
2026-08-03 22:11:54 [pipeline] ERROR JOB c2efbc4f FAILED: doc=d1 error=Stream has ended unexpectedly
2026-08-03 22:13:13 [pipeline] INFO JOB c3301ce2 START doc=99b4686d user=31b31672 pdf=original.pdf
2026-08-03 22:13:13 [pipeline] INFO JOB c3301ce2 STAGE 1: extracting text from original.pdf
2026-08-03 22:13:29 [pipeline] INFO JOB c3301ce2 STAGE 1 DONE: 258 pages, 0 OCR, 846507 chars, 15.8s
2026-08-03 22:13:29 [pipeline] INFO JOB c3301ce2 STAGE 2: detecting structure
2026-08-03 22:13:29 [pipeline] INFO JOB c3301ce2 STAGE 2 DONE: 301 chapters, 301 nodes, 301 leaves, 0.0s
2026-08-03 22:13:29 [pipeline] INFO JOB c3301ce2 STAGE 3: writing markdown files
2026-08-03 22:13:29 [pipeline] INFO JOB c3301ce2 STAGE 3 DONE: 301 files written to data/31b31672/99b4686d/, 0.0s
2026-08-03 22:13:29 [pipeline] INFO JOB c3301ce2 STAGE 4: enriching 301 sections
2026-08-03 22:13:31 [pipeline] DEBUG JOB c3301ce2 ENRICH 1/301: 01_dragon_warriors.md -> summary="This is the introductory section of the Dragon Warriors fant" keywords=['dragon warriors', 'fantasy role-playing game', 'character creation', 'fighters', 'wizards', 'table of contents']
2026-08-03 22:13:34 [pipeline] DEBUG JOB c3301ce2 ENRICH 2/301: 02_contents.md -> summary="This section of the Dragon Warriors manual covers the table " keywords=['dragon warriors', 'fantasy roleplay', 'character creation', 'fighters', 'wizards', 'knights', 'barbarians', 'sorcerers']
2026-08-03 22:13:36 [pipeline] DEBUG JOB c3301ce2 ENRICH 3/301: 03_chapter_1_fantasy_roleplay_13_weaponskill_27.md -> summary="This is the table of contents for the Dragon Warriors RPG ma" keywords=['dragon warriors', 'roleplay', 'character creation', 'fighters', 'wizards', 'knights', 'barbarians', 'sorcerers']
2026-08-03 22:13:40 [pipeline] DEBUG JOB c3301ce2 ENRICH 4/301: 04_chapter_2_creating_a_character_17_barbarians_and_armour_28.md -> summary="This section of the Dragon Warriors RPG manual provides a ta" keywords=['dragon warriors', 'character creation', 'fighters', 'knights', 'barbarians', 'wizards', 'sorcerers', 'mystics', 'elementalists', 'armour', 'spellcasting', 'combat factors', 'stealth', 'perception', 'encumbrance']
2026-08-03 22:13:43 [pipeline] DEBUG JOB c3301ce2 ENRICH 5/301: 05_chapter_3_the_fighters_25_mystics_and_armour_33.md -> summary="This section of the Dragon Warriors manual details character" keywords=['fighters', 'mystics', 'knights', 'barbarians', 'sorcerers', 'elementalists', 'warlocks', 'assassins']
2026-08-03 22:13:46 [pipeline] WARNING JOB c3301ce2 ENRICH 6/301 FAILED: 06_chapter_5_assassins_41_climbing_63.md -> [Errno 2] No such file or directory: 'data/31b31672520f42d7b50178e020fdacf2/99b4686dd3ee463c9ff8c11d6e284506/06_chapter_5_assassins_41_climbing_63.md'
2026-08-03 22:14:50 [agent] INFO QUERY START: "How can I create a barbarian character?" (history=0 turns)
2026-08-03 22:14:51 [agent] INFO   iter 1: fts_search({"query": "barbarian class"}) -> [{"path": "1aaecba1ffec496caf13dcaa903d7c6d/35_chapter_3.md", "title": "Chapter 3", "snippet": "...Knights and <mark>Bar... (1.2s)
2026-08-03 22:14:51 [agent] INFO   iter 1: list_index({"path": "/"}) -> []... (1.2s)
2026-08-03 22:14:53 [agent] INFO   iter 2: list_index({"path": "1aaecba1ffec496cafcaa903d7c6d"}) -> []... (1.3s)
2026-08-03 22:14:54 [agent] INFO   iter 3: ls({"dir": "1aaecba1ffec496caf13dcaa903d7c6d"}) -> ["01_dragon_warriors.md", "02_contents.md", "03_chapter_1_fantasy_roleplay_13_weaponskill_27.md", "04_chapter_2_creating... (1.1s)
2026-08-03 22:14:56 [agent] INFO   iter 4: read_file({"path": "1aaecba1ffec496caf13dcaa903d7c6d/38_barbarians.md"}) -> --- summary: "Barbarians come from distant, inhospitable lands and are often viewed with wariness in civilized realms. T... (2.2s)
2026-08-03 22:14:56 [agent] INFO   iter 4: read_file({"path": "1aaecba1ffec496caf13dcaa903d7c6d/19_chapter_2.md"}) -> --- summary: "This chapter introduces the concept of roleplaying in Dragon Warriors, guiding players to create a charact... (2.2s)
2026-08-03 22:14:56 [agent] INFO   iter 4: read_file({"path": "1aaecba1ffec496caf13dcaa903d7c6d/23_profession.md"}) -> --- summary: "This section explains how to create a character in Dragon Warriors by rolling five characteristics (Streng... (2.2s)
2026-08-03 22:14:58 [agent] INFO   iter 5: read_file({"path": "1aaecba1ffec496caf13dcaa903d7c6d/38_barbarians.md"}) -> --- summary: "Barbarians come from distant, inhospitable lands and are often viewed with wariness in civilized realms. T... (1.9s)
2026-08-03 22:14:58 [agent] INFO   iter 5: read_file({"path": "1aaecba1ffec496caf13dcaa903d7c6d/34_summary.md"}) -> --- summary: "This section details character creation for Dragon Warriors, including attributes, health, combat stats, a... (1.9s)
2026-08-03 22:14:58 [agent] INFO   iter 5: read_file({"path": "1aaecba1ffec496caf13dcaa903d7c6d/33_character_creation.md"}) -> --- summary: "This section details character creation for seven classes in Dragon Warriors: Knights, Barbarians, Sorcere... (1.9s)
2026-08-03 22:15:01 [agent] INFO   iter 6: read_file({"path": "1aaecba1ffec496caf13dcaa903d7c6d/38_barbarians.md", "lines": "1-100"}) -> summary: "Barbarians come from distant, inhospitable lands and are often viewed with wariness in civilized realms. They ... (3.2s)
2026-08-03 22:15:01 [agent] INFO   iter 6: nudging model to call done
2026-08-03 22:15:04 [agent] INFO   iter 7: read_file({"path": "1aaecba1ffec496caf13dcaa903d7c6d/38_barbarians.md", "lines": "1-100"}) -> summary: "Barbarians come from distant, inhospitable lands and are often viewed with wariness in civilized realms. They ... (2.7s)
2026-08-03 22:15:04 [agent] INFO   iter 7: nudging model to call done
2026-08-03 22:15:15 [agent] INFO   iter 8: DONE called (10.9s)
2026-08-03 22:15:15 [agent] INFO QUERY DONE: "How can I create a barbarian character?" -> "## How to Create a Barbarian Character in Dragon Warriors

Here's the complete step-by-step process:" (iters=8, cites=4, suggestions=3, 24.5s)
2026-08-03 22:17:17 [agent] INFO QUERY START: "What is AC?" (history=0 turns)
2026-08-03 22:17:17 [agent] INFO   iter 1: DONE called (0.0s)
2026-08-03 22:17:17 [agent] INFO QUERY DONE: "What is AC?" -> "AC is 15." (iters=1, cites=1, suggestions=0, 0.0s)
2026-08-03 22:17:17 [agent] INFO QUERY START: "Find goblin stats" (history=0 turns)
2026-08-03 22:17:17 [agent] INFO   iter 1: fts_search({"query": "goblin"}) -> [{"path": "x.md", "title": "Goblin", "snippet": "AC 15"}]... (0.0s)
2026-08-03 22:17:17 [agent] INFO   iter 2: DONE called (0.0s)
2026-08-03 22:17:17 [agent] INFO QUERY DONE: "Find goblin stats" -> "Found goblin." (iters=2, cites=0, suggestions=0, 0.0s)
2026-08-03 22:17:17 [agent] INFO QUERY START: "loop forever" (history=0 turns)
2026-08-03 22:17:17 [agent] INFO   iter 1: fts_search({"query": "x"}) -> []... (0.0s)
2026-08-03 22:17:17 [agent] INFO   iter 2: fts_search({"query": "x"}) -> []... (0.0s)
2026-08-03 22:17:17 [agent] INFO   iter 3: fts_search({"query": "x"}) -> []... (0.0s)
2026-08-03 22:17:17 [agent] WARNING QUERY BUDGET EXHAUSTED: "loop forever" (iters=3, 0.0s)
2026-08-03 22:17:21 [pipeline] INFO JOB 215438bd START doc=b0a1686b user=0cb46ff7 pdf=original.pdf
2026-08-03 22:17:21 [pipeline] INFO JOB 215438bd STAGE 1: extracting text from original.pdf
2026-08-03 22:17:21 [pipeline] INFO JOB 215438bd STAGE 1 DONE: 1 pages, 0 OCR, 46 chars, 0.1s
2026-08-03 22:17:21 [pipeline] INFO JOB 215438bd STAGE 2: detecting structure
2026-08-03 22:17:21 [pipeline] INFO JOB 215438bd STAGE 2 DONE: 1 chapters, 1 nodes, 1 leaves, 0.0s
2026-08-03 22:17:21 [pipeline] INFO JOB 215438bd STAGE 3: writing markdown files
2026-08-03 22:17:21 [pipeline] INFO JOB 215438bd STAGE 3 DONE: 1 files written to data/0cb46ff7/b0a1686b/, 0.0s
2026-08-03 22:17:21 [pipeline] INFO JOB 215438bd STAGE 4: enriching 1 sections
2026-08-03 22:17:21 [pipeline] DEBUG JOB 215438bd ENRICH 1/1: 01_chapter_1_monsterscid10goblins_have_ac_15.md -> summary="Monster rules." keywords=['monster']
2026-08-03 22:17:21 [pipeline] INFO JOB 215438bd STAGE 4 DONE: 1/1 sections enriched, 0.0s
2026-08-03 22:17:21 [pipeline] INFO JOB 215438bd STAGE 5: building FTS5 index
2026-08-03 22:17:21 [pipeline] INFO JOB 215438bd STAGE 5 DONE: FTS5 index built, 0.0s
2026-08-03 22:17:21 [pipeline] INFO JOB 215438bd COMPLETE: doc=b0a1686b title="book"
2026-08-03 22:17:21 [pipeline] INFO JOB 88147e60 START doc=repro_do user=08e6b1e8 pdf=original.pdf
2026-08-03 22:17:21 [pipeline] INFO JOB 88147e60 STAGE 1: extracting text from original.pdf
2026-08-03 22:17:21 [pipeline] INFO JOB 88147e60 STAGE 1 DONE: 1 pages, 0 OCR, 44 chars, 0.0s
2026-08-03 22:17:21 [pipeline] INFO JOB 88147e60 STAGE 2: detecting structure
2026-08-03 22:17:21 [pipeline] INFO JOB 88147e60 STAGE 2 DONE: 1 chapters, 1 nodes, 1 leaves, 0.0s
2026-08-03 22:17:21 [pipeline] INFO JOB 88147e60 STAGE 3: writing markdown files
2026-08-03 22:17:21 [pipeline] INFO JOB 88147e60 STAGE 3 DONE: 1 files written to data/08e6b1e8/repro_do/, 0.0s
2026-08-03 22:17:21 [pipeline] INFO JOB 88147e60 STAGE 4: enriching 1 sections
2026-08-03 22:17:21 [pipeline] DEBUG JOB 88147e60 ENRICH 1/1: 01_chapter_1_combatcid10goblins_have_ac_15.md -> summary="Reprocessed." keywords=['combat']
2026-08-03 22:17:21 [pipeline] INFO JOB 88147e60 STAGE 4 DONE: 1/1 sections enriched, 0.0s
2026-08-03 22:17:21 [pipeline] INFO JOB 88147e60 STAGE 5: building FTS5 index
2026-08-03 22:17:21 [pipeline] INFO JOB 88147e60 STAGE 5 DONE: FTS5 index built, 0.0s
2026-08-03 22:17:21 [pipeline] INFO JOB 88147e60 COMPLETE: doc=repro_do title="Repro Book"
2026-08-03 22:17:21 [pipeline] INFO JOB d7e72ff3 START doc=bad_doc user=96392ba0 pdf=bad.pdf
2026-08-03 22:17:21 [pipeline] INFO JOB d7e72ff3 STAGE 1: extracting text from bad.pdf
2026-08-03 22:17:21 [pipeline] ERROR JOB d7e72ff3 FAILED: doc=bad_doc error=Stream has ended unexpectedly
2026-08-03 22:17:21 [agent] INFO QUERY START: "What is AC?" (history=0 turns)
2026-08-03 22:17:22 [pipeline] INFO JOB f069983c START doc=ce2863f3 user=7b814115 pdf=original.pdf
2026-08-03 22:17:22 [pipeline] INFO JOB f069983c STAGE 1: extracting text from original.pdf
2026-08-03 22:17:22 [pipeline] INFO JOB f069983c STAGE 1 DONE: 2 pages, 0 OCR, 71 chars, 0.1s
2026-08-03 22:17:22 [pipeline] INFO JOB f069983c STAGE 2: detecting structure
2026-08-03 22:17:22 [pipeline] INFO JOB f069983c STAGE 2 DONE: 1 chapters, 1 nodes, 1 leaves, 0.0s
2026-08-03 22:17:22 [pipeline] INFO JOB f069983c STAGE 3: writing markdown files
2026-08-03 22:17:22 [pipeline] INFO JOB f069983c STAGE 3 DONE: 1 files written to data/7b814115/ce2863f3/, 0.0s
2026-08-03 22:17:22 [pipeline] INFO JOB f069983c STAGE 4: enriching 1 sections
2026-08-03 22:17:22 [pipeline] DEBUG JOB f069983c ENRICH 1/1: 01_chapter_1_combat.md -> summary="Combat rules for goblins." keywords=['goblin', 'combat', 'AC']
2026-08-03 22:17:22 [pipeline] INFO JOB f069983c STAGE 4 DONE: 1/1 sections enriched, 0.0s
2026-08-03 22:17:22 [pipeline] INFO JOB f069983c STAGE 5: building FTS5 index
2026-08-03 22:17:22 [pipeline] INFO JOB f069983c STAGE 5 DONE: FTS5 index built, 0.0s
2026-08-03 22:17:22 [pipeline] INFO JOB f069983c COMPLETE: doc=ce2863f3 title="combat"
2026-08-03 22:17:23 [pipeline] INFO JOB d89226f4 START doc=d1 user=alice pdf=test.pdf
2026-08-03 22:17:23 [pipeline] INFO JOB d89226f4 STAGE 1: extracting text from test.pdf
2026-08-03 22:17:23 [pipeline] INFO JOB d89226f4 STAGE 1 DONE: 1 pages, 0 OCR, 46 chars, 0.1s
2026-08-03 22:17:23 [pipeline] INFO JOB d89226f4 STAGE 2: detecting structure
2026-08-03 22:17:23 [pipeline] INFO JOB d89226f4 STAGE 2 DONE: 1 chapters, 1 nodes, 1 leaves, 0.0s
2026-08-03 22:17:23 [pipeline] INFO JOB d89226f4 STAGE 3: writing markdown files
2026-08-03 22:17:23 [pipeline] INFO JOB d89226f4 STAGE 3 DONE: 1 files written to data/alice/d1/, 0.0s
2026-08-03 22:17:23 [pipeline] INFO JOB d89226f4 STAGE 4: enriching 1 sections
2026-08-03 22:17:23 [pipeline] DEBUG JOB d89226f4 ENRICH 1/1: 01_chapter_1_combat.md -> summary="Combat rules." keywords=['combat', 'goblin']
2026-08-03 22:17:23 [pipeline] INFO JOB d89226f4 STAGE 4 DONE: 1/1 sections enriched, 0.0s
2026-08-03 22:17:23 [pipeline] INFO JOB d89226f4 STAGE 5: building FTS5 index
2026-08-03 22:17:23 [pipeline] INFO JOB d89226f4 STAGE 5 DONE: FTS5 index built, 0.0s
2026-08-03 22:17:23 [pipeline] INFO JOB d89226f4 COMPLETE: doc=d1 title="Test Book"
2026-08-03 22:17:23 [pipeline] INFO JOB 55ce3d4b START doc=d1 user=alice pdf=bad.pdf
2026-08-03 22:17:23 [pipeline] INFO JOB 55ce3d4b STAGE 1: extracting text from bad.pdf
2026-08-03 22:17:23 [pipeline] ERROR JOB 55ce3d4b FAILED: doc=d1 error=Stream has ended unexpectedly
2026-08-03 22:21:57 [agent] INFO QUERY START: "What is AC?" (history=0 turns)
2026-08-03 22:21:57 [agent] INFO   iter 1: DONE called (0.0s)
2026-08-03 22:21:57 [agent] INFO QUERY DONE: "What is AC?" -> "AC is 15." (iters=1, cites=1, suggestions=0, 0.0s)
2026-08-03 22:21:57 [agent] INFO QUERY START: "Find goblin stats" (history=0 turns)
2026-08-03 22:21:57 [agent] INFO   iter 1: fts_search({"query": "goblin"}) -> [{"path": "x.md", "title": "Goblin", "snippet": "AC 15"}]... (0.0s)
2026-08-03 22:21:57 [agent] INFO   iter 2: DONE called (0.0s)
2026-08-03 22:21:57 [agent] INFO QUERY DONE: "Find goblin stats" -> "Found goblin." (iters=2, cites=0, suggestions=0, 0.0s)
2026-08-03 22:21:57 [agent] INFO QUERY START: "loop forever" (history=0 turns)
2026-08-03 22:21:57 [agent] INFO   iter 1: fts_search({"query": "x"}) -> []... (0.0s)
2026-08-03 22:21:57 [agent] INFO   iter 2: fts_search({"query": "x"}) -> []... (0.0s)
2026-08-03 22:21:57 [agent] INFO   iter 3: fts_search({"query": "x"}) -> []... (0.0s)
2026-08-03 22:21:57 [agent] WARNING QUERY BUDGET EXHAUSTED: "loop forever" (iters=3, 0.0s)
2026-08-03 22:22:01 [pipeline] INFO JOB 09031e6d START doc=e1dcbc22 user=91db329e pdf=original.pdf
2026-08-03 22:22:01 [pipeline] INFO JOB 09031e6d STAGE 1: extracting text from original.pdf
2026-08-03 22:22:01 [pipeline] INFO JOB 09031e6d STAGE 1 DONE: 1 pages, 0 OCR, 46 chars, 0.0s
2026-08-03 22:22:01 [pipeline] WARNING JOB 09031e6d COVER: failed to extract cover: cannot access local variable 'udata' where it is not associated with a value
2026-08-03 22:22:01 [pipeline] INFO JOB 09031e6d STAGE 2: detecting structure
2026-08-03 22:22:01 [pipeline] INFO JOB 09031e6d STAGE 2 DONE: 1 chapters, 1 nodes, 1 leaves, 0.0s
2026-08-03 22:22:01 [pipeline] INFO JOB 09031e6d STAGE 3: writing markdown files
2026-08-03 22:22:01 [pipeline] INFO JOB 09031e6d STAGE 3 DONE: 1 files written to data/91db329e/e1dcbc22/, 0.0s
2026-08-03 22:22:01 [pipeline] INFO JOB 09031e6d STAGE 4: enriching 1 sections
2026-08-03 22:22:01 [pipeline] DEBUG JOB 09031e6d ENRICH 1/1: 01_chapter_1_monsterscid10goblins_have_ac_15.md -> summary="Monster rules." keywords=['monster']
2026-08-03 22:22:01 [pipeline] INFO JOB 09031e6d STAGE 4 DONE: 1/1 sections enriched, 0.0s
2026-08-03 22:22:01 [pipeline] INFO JOB 09031e6d STAGE 5: building FTS5 index
2026-08-03 22:22:01 [pipeline] INFO JOB 09031e6d STAGE 5 DONE: FTS5 index built, 0.0s
2026-08-03 22:22:01 [pipeline] INFO JOB 09031e6d COMPLETE: doc=e1dcbc22 title="book"
2026-08-03 22:22:01 [pipeline] INFO JOB b6dc7203 START doc=repro_do user=cf305c8b pdf=original.pdf
2026-08-03 22:22:01 [pipeline] INFO JOB b6dc7203 STAGE 1: extracting text from original.pdf
2026-08-03 22:22:01 [pipeline] INFO JOB b6dc7203 STAGE 1 DONE: 1 pages, 0 OCR, 44 chars, 0.0s
2026-08-03 22:22:01 [pipeline] WARNING JOB b6dc7203 COVER: failed to extract cover: cannot access local variable 'udata' where it is not associated with a value
2026-08-03 22:22:01 [pipeline] INFO JOB b6dc7203 STAGE 2: detecting structure
2026-08-03 22:22:01 [pipeline] INFO JOB b6dc7203 STAGE 2 DONE: 1 chapters, 1 nodes, 1 leaves, 0.0s
2026-08-03 22:22:01 [pipeline] INFO JOB b6dc7203 STAGE 3: writing markdown files
2026-08-03 22:22:01 [pipeline] INFO JOB b6dc7203 STAGE 3 DONE: 1 files written to data/cf305c8b/repro_do/, 0.0s
2026-08-03 22:22:01 [pipeline] INFO JOB b6dc7203 STAGE 4: enriching 1 sections
2026-08-03 22:22:01 [pipeline] DEBUG JOB b6dc7203 ENRICH 1/1: 01_chapter_1_combatcid10goblins_have_ac_15.md -> summary="Reprocessed." keywords=['combat']
2026-08-03 22:22:01 [pipeline] INFO JOB b6dc7203 STAGE 4 DONE: 1/1 sections enriched, 0.0s
2026-08-03 22:22:01 [pipeline] INFO JOB b6dc7203 STAGE 5: building FTS5 index
2026-08-03 22:22:01 [pipeline] INFO JOB b6dc7203 STAGE 5 DONE: FTS5 index built, 0.0s
2026-08-03 22:22:01 [pipeline] INFO JOB b6dc7203 COMPLETE: doc=repro_do title="Repro Book"
2026-08-03 22:22:01 [pipeline] INFO JOB 4de9576d START doc=bad_doc user=12690372 pdf=bad.pdf
2026-08-03 22:22:01 [pipeline] INFO JOB 4de9576d STAGE 1: extracting text from bad.pdf
2026-08-03 22:22:01 [pipeline] ERROR JOB 4de9576d FAILED: doc=bad_doc error=Stream has ended unexpectedly
2026-08-03 22:22:01 [agent] INFO QUERY START: "What is AC?" (history=0 turns)
2026-08-03 22:22:03 [pipeline] INFO JOB 2e67bd91 START doc=e5d7c338 user=d4c1881d pdf=original.pdf
2026-08-03 22:22:03 [pipeline] INFO JOB 2e67bd91 STAGE 1: extracting text from original.pdf
2026-08-03 22:22:03 [pipeline] INFO JOB 2e67bd91 STAGE 1 DONE: 2 pages, 0 OCR, 71 chars, 0.1s
2026-08-03 22:22:03 [pipeline] WARNING JOB 2e67bd91 COVER: failed to extract cover: cannot access local variable 'udata' where it is not associated with a value
2026-08-03 22:22:03 [pipeline] INFO JOB 2e67bd91 STAGE 2: detecting structure
2026-08-03 22:22:03 [pipeline] INFO JOB 2e67bd91 STAGE 2 DONE: 1 chapters, 1 nodes, 1 leaves, 0.0s
2026-08-03 22:22:03 [pipeline] INFO JOB 2e67bd91 STAGE 3: writing markdown files
2026-08-03 22:22:03 [pipeline] INFO JOB 2e67bd91 STAGE 3 DONE: 1 files written to data/d4c1881d/e5d7c338/, 0.0s
2026-08-03 22:22:03 [pipeline] INFO JOB 2e67bd91 STAGE 4: enriching 1 sections
2026-08-03 22:22:03 [pipeline] DEBUG JOB 2e67bd91 ENRICH 1/1: 01_chapter_1_combat.md -> summary="Combat rules for goblins." keywords=['goblin', 'combat', 'AC']
2026-08-03 22:22:03 [pipeline] INFO JOB 2e67bd91 STAGE 4 DONE: 1/1 sections enriched, 0.0s
2026-08-03 22:22:03 [pipeline] INFO JOB 2e67bd91 STAGE 5: building FTS5 index
2026-08-03 22:22:03 [pipeline] INFO JOB 2e67bd91 STAGE 5 DONE: FTS5 index built, 0.0s
2026-08-03 22:22:03 [pipeline] INFO JOB 2e67bd91 COMPLETE: doc=e5d7c338 title="combat"
2026-08-03 22:22:03 [pipeline] INFO JOB 62f34b19 START doc=d1 user=alice pdf=test.pdf
2026-08-03 22:22:03 [pipeline] INFO JOB 62f34b19 STAGE 1: extracting text from test.pdf
2026-08-03 22:22:03 [pipeline] INFO JOB 62f34b19 STAGE 1 DONE: 1 pages, 0 OCR, 46 chars, 0.1s
2026-08-03 22:22:03 [pipeline] WARNING JOB 62f34b19 COVER: failed to extract cover: cannot access local variable 'udata' where it is not associated with a value
2026-08-03 22:22:03 [pipeline] INFO JOB 62f34b19 STAGE 2: detecting structure
2026-08-03 22:22:03 [pipeline] INFO JOB 62f34b19 STAGE 2 DONE: 1 chapters, 1 nodes, 1 leaves, 0.0s
2026-08-03 22:22:03 [pipeline] INFO JOB 62f34b19 STAGE 3: writing markdown files
2026-08-03 22:22:03 [pipeline] INFO JOB 62f34b19 STAGE 3 DONE: 1 files written to data/alice/d1/, 0.0s
2026-08-03 22:22:03 [pipeline] INFO JOB 62f34b19 STAGE 4: enriching 1 sections
2026-08-03 22:22:03 [pipeline] DEBUG JOB 62f34b19 ENRICH 1/1: 01_chapter_1_combat.md -> summary="Combat rules." keywords=['combat', 'goblin']
2026-08-03 22:22:03 [pipeline] INFO JOB 62f34b19 STAGE 4 DONE: 1/1 sections enriched, 0.0s
2026-08-03 22:22:03 [pipeline] INFO JOB 62f34b19 STAGE 5: building FTS5 index
2026-08-03 22:22:03 [pipeline] INFO JOB 62f34b19 STAGE 5 DONE: FTS5 index built, 0.0s
2026-08-03 22:22:03 [pipeline] INFO JOB 62f34b19 COMPLETE: doc=d1 title="Test Book"
2026-08-03 22:22:03 [pipeline] INFO JOB 4fbed77e START doc=d1 user=alice pdf=bad.pdf
2026-08-03 22:22:03 [pipeline] INFO JOB 4fbed77e STAGE 1: extracting text from bad.pdf
2026-08-03 22:22:03 [pipeline] ERROR JOB 4fbed77e FAILED: doc=d1 error=Stream has ended unexpectedly
2026-08-03 22:26:02 [agent] INFO QUERY START: "how do I create an assasin?" (history=0 turns)
2026-08-03 22:26:04 [agent] INFO   iter 1: fts_search({"query": "assassin class"}) -> [{"path": "1aaecba1ffec496caf13dcaa903d7c6d/07_chapter_6_in_the_beginning_50_terminating_a_spell_74.md", "title": "Chapt... (1.8s)
2026-08-03 22:26:04 [agent] INFO   iter 1: fts_search({"query": "assassin prestige class"}) -> [{"path": "1aaecba1ffec496caf13dcaa903d7c6d/53_beginning.md", "title": "BEGINNING", "snippet": "...Profession\nParents\u... (1.8s)
2026-08-03 22:26:05 [agent] INFO   iter 2: read_file({"path": "1aaecba1ffec496caf13dcaa903d7c6d/06_chapter_5_assassins_41_climbing_63.md"}) -> --- summary: "This section lists topics for chapters on Assassins, Climbing, and other game mechanics including elementa... (1.6s)
2026-08-03 22:26:05 [agent] INFO   iter 2: read_file({"path": "1aaecba1ffec496caf13dcaa903d7c6d/33_character_creation.md"}) -> --- summary: "This section details character creation for seven classes in Dragon Warriors: Knights, Barbarians, Sorcere... (1.6s)
2026-08-03 22:26:05 [agent] INFO   iter 2: read_file({"path": "1aaecba1ffec496caf13dcaa903d7c6d/34_summary.md"}) -> --- summary: "This section details character creation for Dragon Warriors, including attributes, health, combat stats, a... (1.6s)
2026-08-03 22:26:07 [agent] INFO   iter 3: read_file({"path": "1aaecba1ffec496caf13dcaa903d7c6d/06_chapter_5_assassins_41_climbing_63.md", "lines": "1-10) -> summary: "This section lists topics for chapters on Assassins, Climbing, and other game mechanics including elemental re... (1.7s)
2026-08-03 22:26:09 [agent] INFO   iter 4: read_file({"path": "1aaecba1ffec496caf13dcaa903d7c6d/06_chapter_5_assassins_41_climbing_63.md"}) -> --- summary: "This section lists topics for chapters on Assassins, Climbing, and other game mechanics including elementa... (1.9s)
2026-08-03 22:26:10 [agent] INFO   iter 5: read_file({"path": "1aaecba1ffec496caf13dcaa903d7c6d/06_chapter_5_assassins_41_climbing_63.md"}) -> --- summary: "This section lists topics for chapters on Assassins, Climbing, and other game mechanics including elementa... (1.3s)
2026-08-03 22:26:12 [agent] INFO   iter 6: read_file({"path": "1aaecba1ffec496caf13dcaa903d7c6d/06_chapter_5_assassins_41_climbing_63.md"}) -> --- summary: "This section lists topics for chapters on Assassins, Climbing, and other game mechanics including elementa... (1.2s)
2026-08-03 22:26:12 [agent] INFO   iter 6: nudging model to call done
2026-08-03 22:26:13 [agent] INFO   iter 7: read_file({"path": "1aaecba1ffec496caf13dcaa903d7c6d/06_chapter_5_assassins_41_climbing_63.md"}) -> --- summary: "This section lists topics for chapters on Assassins, Climbing, and other game mechanics including elementa... (1.6s)
2026-08-03 22:26:13 [agent] INFO   iter 7: nudging model to call done
2026-08-03 22:26:15 [agent] INFO   iter 8: read_file({"path": "1aaecba1ffec496caf13dcaa903d7c6d/06_chapter_5_assassins_41_climbing_63.md"}) -> --- summary: "This section lists topics for chapters on Assassins, Climbing, and other game mechanics including elementa... (1.7s)
2026-08-03 22:26:15 [agent] INFO   iter 8: nudging model to call done
2026-08-03 22:26:17 [agent] INFO   iter 9: read_file({"path": "1aaecba1ffec496caf13dcaa903d7c6d/06_chapter_5_assassins_41_climbing_63.md"}) -> --- summary: "This section lists topics for chapters on Assassins, Climbing, and other game mechanics including elementa... (1.8s)
2026-08-03 22:26:17 [agent] INFO   iter 9: nudging model to call done
2026-08-03 22:26:19 [agent] INFO   iter 10: read_file({"path": "1aaecba1ffec496caf13dcaa903d7c6d/06_chapter_5_assassins_41_climbing_63.md"}) -> --- summary: "This section lists topics for chapters on Assassins, Climbing, and other game mechanics including elementa... (2.2s)
2026-08-03 22:26:19 [agent] INFO   iter 10: nudging model to call done
2026-08-03 22:26:20 [agent] INFO   iter 11: read_file({"path": "1aaecba1ffec496caf13dcaa903d7c6d/06_chapter_5_assassins_41_climbing_63.md"}) -> --- summary: "This section lists topics for chapters on Assassins, Climbing, and other game mechanics including elementa... (1.5s)
2026-08-03 22:26:20 [agent] INFO   iter 11: nudging model to call done
2026-08-03 22:26:24 [agent] INFO   iter 12: read_file({"path": "1aaecba1ffec496caf13dcaa903d7c6d/06_chapter_5_assassins_41_climbing_63.md"}) -> --- summary: "This section lists topics for chapters on Assassins, Climbing, and other game mechanics including elementa... (3.7s)
2026-08-03 22:26:24 [agent] INFO   iter 12: nudging model to call done
2026-08-03 22:26:24 [agent] WARNING QUERY BUDGET EXHAUSTED: "how do I create an assasin?" (iters=12, 22.1s)
2026-08-03 22:26:50 [pipeline] INFO JOB a38be9e6 START doc=1aaecba1 user=1638caae pdf=original.pdf
2026-08-03 22:26:50 [pipeline] INFO JOB a38be9e6 STAGE 1: extracting text from original.pdf
2026-08-03 22:27:06 [pipeline] INFO JOB a38be9e6 STAGE 1 DONE: 258 pages, 0 OCR, 846507 chars, 16.1s
2026-08-03 22:27:06 [pipeline] WARNING JOB a38be9e6 COVER: failed to extract cover: cannot access local variable 'udata' where it is not associated with a value
2026-08-03 22:27:06 [pipeline] INFO JOB a38be9e6 STAGE 2: detecting structure
2026-08-03 22:27:06 [pipeline] INFO JOB a38be9e6 STAGE 2 DONE: 301 chapters, 301 nodes, 301 leaves, 0.0s
2026-08-03 22:27:06 [pipeline] INFO JOB a38be9e6 STAGE 3: writing markdown files
2026-08-03 22:27:06 [pipeline] INFO JOB a38be9e6 STAGE 3 DONE: 301 files written to data/1638caae/1aaecba1/, 0.0s
2026-08-03 22:27:06 [pipeline] INFO JOB a38be9e6 STAGE 4: enriching 301 sections
2026-08-03 22:27:11 [pipeline] DEBUG JOB a38be9e6 ENRICH 1/301: 01_dragon_warriors.md -> summary="This section introduces the Dragon Warriors role-playing gam" keywords=['dragon warriors', 'fantasy role-playing', 'character creation', 'fighters', 'wizards', 'knights', 'barbarians', 'sorcerers']
2026-08-03 22:27:13 [pipeline] DEBUG JOB a38be9e6 ENRICH 2/301: 02_contents.md -> summary="This section of the manual provides the table of contents fo" keywords=['dragon warriors', 'fantasy roleplay', 'character creation', 'swordmaster', 'barbarian', 'knight', 'sorcerer', 'elementalist']
2026-08-03 22:27:15 [pipeline] DEBUG JOB a38be9e6 ENRICH 3/301: 03_chapter_1_fantasy_roleplay_13_weaponskill_27.md -> summary="This is a table of contents for a fantasy roleplaying game m" keywords=['dragon warriors', 'fantasy roleplay', 'character creation', 'fighters', 'knights', 'barbarians', 'wizards', 'sorcerers']
2026-08-03 22:27:18 [pipeline] DEBUG JOB a38be9e6 ENRICH 4/301: 04_chapter_2_creating_a_character_17_barbarians_and_armour_28.md -> summary="This section outlines the character creation process in Drag" keywords=['character creation', 'fighters', 'barbarians', 'knights', 'wizards', 'sorcerers', 'elementalists', 'special abilities']
2026-08-03 22:27:20 [pipeline] DEBUG JOB a38be9e6 ENRICH 5/301: 05_chapter_3_the_fighters_25_mystics_and_armour_33.md -> summary="This is a table of contents and introductory material for th" keywords=['dragon warriors', 'rpg', 'manual', 'fighters', 'mystics', 'assassins', 'wizards', 'combat']
2026-08-03 22:27:23 [pipeline] DEBUG JOB a38be9e6 ENRICH 6/301: 06_chapter_5_assassins_41_climbing_63.md -> summary="This section outlines the table of contents for chapters 5 t" keywords=['assassins', 'climbing', 'warlocks', 'combat', 'magic', 'stealth', 'skills', 'adventure']
2026-08-03 22:27:25 [pipeline] DEBUG JOB a38be9e6 ENRICH 7/301: 07_chapter_6_in_the_beginning_50_terminating_a_spell_74.md -> summary="This section covers character classes (Assassins, Warlocks, " keywords=['assassins', 'warlocks', 'elementalists', 'combat', 'magic', 'spells', 'gamesmastering', 'treasure']
2026-08-03 22:27:29 [pipeline] DEBUG JOB a38be9e6 ENRICH 8/301: 08_chapter_12.md -> summary="This section covers spell mechanics, game mastering guidelin" keywords=['spells', 'game mastering', 'rewards', 'magical items', 'lands of legend', 'adventuring', 'equipment']
2026-08-03 22:27:32 [pipeline] DEBUG JOB a38be9e6 ENRICH 9/301: 09_chapter_10_the_book_of_spells_79_npc_weapons_and_equipment_133.md -> summary="This section provides a table of contents for chapters 10 th" keywords=['spells', 'magic', 'equipment', 'weapons', 'items', 'lands', 'game mastering', 'npc']
2026-08-03 22:27:34 [pipeline] DEBUG JOB a38be9e6 ENRICH 10/301: 10_chapter_11_gamesmastering_115_enchanted_armour_138.md -> summary="This section of the Dragon Warriors RPG manual covers chapte" keywords=['spells', 'game mastering', 'enchanted items', 'lands of legend', 'lore', 'campaign settings', 'rules']
2026-08-03 22:27:36 [pipeline] DEBUG JOB a38be9e6 ENRICH 11/301: 11_chapter_15_the_lore_of_legend_169_witnesses_191.md -> summary="This section is a table of contents for an RPG manual, listi" keywords=['lore', 'legend', 'items', 'court', 'languages', 'campaign', 'travel', 'hazards']
2026-08-03 22:27:40 [pipeline] DEBUG JOB a38be9e6 ENRICH 12/301: 12_chapter_16_roman_britain_206.md -> summary="This is a table of contents for the Dragon Warriors RPG manu" keywords=['dragon warriors', 'roman britain', 'languages', 'crime and punishment', 'monsters of legend', 'campaign setting', 'travel and hazards', 'adventure']
2026-08-03 22:27:42 [pipeline] DEBUG JOB a38be9e6 ENRICH 13/301: 13_chapter_19_dracomen_240_necrochor_248.md -> summary="This section contains the table of contents for Chapters 19 " keywords=['dracomen', 'necrochor', 'monsters of legend', 'dragon warriors', 'rpg', 'table of contents']
2026-08-03 22:27:44 [pipeline] DEBUG JOB a38be9e6 ENRICH 14/301: 14_chapter_20_hellion_244_titan_251.md -> summary="This section reflects on the unique flavor of Dragon Warrior" keywords=['dragon warriors', 'legend', 'fantasy', 'medieval', 'folklore', 'monsters', 'magic', 'flavor']
2026-08-03 22:27:46 [pipeline] DEBUG JOB a38be9e6 ENRICH 15/301: 15_introdu_ction.md -> summary="Dragon Warriors is a fantasy roleplaying game that prioritiz" keywords=['dragon warriors', 'fantasy roleplaying', 'legend', 'flavor', 'dark', 'spooky', 'folkloric', 'gamesmaster']
2026-08-03 22:27:48 [pipeline] DEBUG JOB a38be9e6 ENRICH 16/301: 16_chapter_1.md -> summary="This chapter introduces fantasy roleplaying games, explainin" keywords=['fantasy roleplaying', 'gamesmaster', 'gm', 'non-player characters', 'adventure', 'imagination', 'computer rpgs', 'dragon warriors']
2026-08-03 22:27:50 [pipeline] DEBUG JOB a38be9e6 ENRICH 17/301: 17_fantasy.md -> summary="This section introduces fantasy roleplaying games, explainin" keywords=['fantasy roleplaying', 'gamesmaster', 'player characters', 'non-player characters', 'imagination', 'adventure', 'rules', 'dragon warriors']
2026-08-03 22:27:52 [pipeline] DEBUG JOB a38be9e6 ENRICH 18/301: 18_roleplay.md -> summary="This section introduces fantasy roleplaying games, explainin" keywords=['fantasy roleplaying', 'gamesmaster', 'dice', 'character creation', 'roleplaying', 'campaign', 'adventure']
2026-08-03 22:27:55 [pipeline] DEBUG JOB a38be9e6 ENRICH 19/301: 19_chapter_2.md -> summary="This chapter explains the process of creating a character fo" keywords=['character creation', 'roleplaying', 'personality', 'past life', 'attitudes', 'race', 'gender', 'dice']
2026-08-03 22:27:57 [pipeline] DEBUG JOB a38be9e6 ENRICH 20/301: 20_creating.md -> summary="This section explains the importance of roleplaying in fanta" keywords=['roleplaying', 'character creation', 'personality', 'background', 'attitudes', 'fantasy world', 'adventure']
2026-08-03 22:27:59 [pipeline] DEBUG JOB a38be9e6 ENRICH 21/301: 21_a_character.md -> summary="This section explains the process of creating a character fo" keywords=['character creation', 'roleplaying', 'characteristics', 'dice', 'professions', 'dragon warriors', 'background']
2026-08-03 22:28:01 [pipeline] DEBUG JOB a38be9e6 ENRICH 22/301: 22_choosing_a.md -> summary="This section explains how to create a character in Dragon Wa" keywords=['characteristics', 'strength', 'reflexes', 'intelligence', 'psychic talent', 'looks', 'profession', 'assassin', 'knight', 'barbarian', 'elementalist', 'sorcerer', 'mystic', 'warlock', '3d6', 'character creation', 'dragon warriors']
2026-08-03 22:28:04 [pipeline] DEBUG JOB a38be9e6 ENRICH 23/301: 23_profession.md -> summary="This section explains how to create a character in Dragon Wa" keywords=['characteristics', 'professions', 'health points', 'combat factors', 'dragon warriors']
2026-08-03 22:28:07 [pipeline] DEBUG JOB a38be9e6 ENRICH 24/301: 24_health_points.md -> summary="A character's Health Points (HP) represent robustness and ar" keywords=['health points', 'hp', 'unconscious', 'death', 'recuperation', 'profession', 'dice roll', 'initial health points']
2026-08-03 22:28:09 [pipeline] DEBUG JOB a38be9e6 ENRICH 25/301: 25_the_combat_factors.md -> summary="This section explains how to determine a character's Health " keywords=['health points', 'attack', 'defence', 'magical attack', 'magical defence', 'evasion', 'profession', 'characteristic scores', 'assassin', 'barbarian', 'elementalist', 'knight', 'mystic', 'sorcerer', 'warlock']
2026-08-03 22:28:13 [pipeline] DEBUG JOB a38be9e6 ENRICH 26/301: 26_magical_combat.md -> summary="This section explains magical attack and defence scores for " keywords=['magical attack', 'magical defence', 'evasion', 'intelligence', 'psychic talent', 'character classes', 'base scores']
2026-08-03 22:28:15 [pipeline] DEBUG JOB a38be9e6 ENRICH 27/301: 27_factors.md -> summary="This section explains how to determine a character's magical" keywords=['magical attack', 'magical defence', 'evasion', 'character creation', 'combat factors', 'characteristic scores', 'intelligence', 'psychic talent', 'classes']
2026-08-03 22:28:18 [pipeline] DEBUG JOB a38be9e6 ENRICH 28/301: 28_dodging.md -> summary="This section explains how to determine a character's dodging" keywords=['dodging', 'evasion', 'stealth', 'perception', 'magical attack', 'magical defence', 'reflexes', 'intelligence', 'psychic talent', 'rank']
2026-08-03 22:28:20 [pipeline] DEBUG JOB a38be9e6 ENRICH 29/301: 29_stealth_and.md -> summary="This section defines base stealth and perception scores for " keywords=['stealth', 'perception', 'scores', 'professions', 'reflexes', 'psychic talent', 'assassins']
2026-08-03 22:28:23 [pipeline] DEBUG JOB a38be9e6 ENRICH 30/301: 30_perception.md -> summary="Perception and stealth scores vary by profession, with assas" keywords=['perception', 'stealth', 'profession', 'assassin', 'mystic', 'reflexes', 'psychic talent']
2026-08-03 22:28:25 [pipeline] DEBUG JOB a38be9e6 ENRICH 31/301: 31_background.md -> summary="This section explains stealth and perception scores for diff" keywords=['stealth', 'perception', 'rank', 'equipment', 'character sheet', 'background', 'dragon warriors']
2026-08-03 22:28:27 [pipeline] DEBUG JOB a38be9e6 ENRICH 32/301: 32_character_sheet.md -> summary="This section details the process of creating a Dragon Warrio" keywords=['character creation', 'dragon warriors', 'stealth', 'perception', 'rank', 'equipment', 'encumbrance', 'professions']
2026-08-03 22:28:31 [pipeline] DEBUG JOB a38be9e6 ENRICH 33/301: 33_character_creation.md -> summary="This section details the character creation process for vari" keywords=['dragon warriors', 'character creation', 'classes', 'attributes', 'abilities', 'equipment', 'knights', 'sorcerers']
2026-08-03 22:28:33 [pipeline] DEBUG JOB a38be9e6 ENRICH 34/301: 34_summary.md -> summary="This section details character creation for multiple classes" keywords=['character creation', 'classes', 'knights', 'barbarians', 'sorcerers', 'mystics', 'elementalists', 'warlocks', 'assassins', 'stats', 'equipment']
2026-08-03 22:28:35 [pipeline] DEBUG JOB a38be9e6 ENRICH 35/301: 35_chapter_3.md -> summary="The chapter introduces the two main fighter classes in Drago" keywords=['knights', 'barbarians', 'fighters', 'combat', 'chivalric code', 'warriors', 'dragon warriors', 'rpg']
2026-08-03 22:28:37 [pipeline] DEBUG JOB a38be9e6 ENRICH 36/301: 36_fighters.md -> summary="The section describes two main classes of fighters in the Dr" keywords=['fighters', 'knights', 'barbarians', 'chivalric code', 'combat', 'warrior aristocracy', 'errantry', 'crusading']
2026-08-03 22:28:40 [pipeline] DEBUG JOB a38be9e6 ENRICH 37/301: 37_knights.md -> summary="Knights are civilized warrior aristocrats with special abili" keywords=['knights', 'barbarians', 'combat', 'special abilities', 'track', 'armour expert', 'ride warhorse', 'berserk']
2026-08-03 22:28:46 [pipeline] DEBUG JOB a38be9e6 ENRICH 38/301: 38_barbarians.md -> summary="Barbarians are warriors from harsh lands like Thuland or the" keywords=['barbarians', 'track', 'berserk', 'ride warhorse', 'quick draw', 'bloodrage']
2026-08-03 22:28:51 [pipeline] DEBUG JOB a38be9e6 ENRICH 39/301: 39_1_the_secondary_weapon_may_be_used_as_a_guard.md -> summary="This section details special combat skills for Fighters (inc" keywords=['fighters', 'knight', 'barbarians', 'master bowman', 'quick draw', 'swordmaster', 'main gauche', 'expert parry']
2026-08-03 22:28:54 [pipeline] DEBUG JOB a38be9e6 ENRICH 40/301: 40_2_the_character_can_strike_with_both_weapons_at_once.md -> summary="This section details character classes (Fighters like Knight" keywords=['knight', 'barbarian', 'wizard', 'weaponskill', 'main gauche', 'bloodrage', 'berserk', 'critical hit']
2026-08-03 22:28:57 [pipeline] DEBUG JOB a38be9e6 ENRICH 41/301: 41_chapter_4.md -> summary="The chapter describes four magic-using professions (Sorcerer" keywords=['wizards', 'sorcerers', 'elementalists', 'mystics', 'warlocks', 'magic points', 'fatigue', 'spells']
2026-08-03 22:28:58 [pipeline] DEBUG JOB a38be9e6 ENRICH 42/301: 42_wizards.md -> summary="This section describes four wizardly professions in Dragon W" keywords=['wizards', 'sorcerers', 'elementalists', 'mystics', 'warlocks', 'magic points', 'fatigue', 'calligraphy']
2026-08-03 22:29:00 [pipeline] DEBUG JOB a38be9e6 ENRICH 43/301: 43_chapter_9_the_use_of_magic_for_full_details_of_sor.md -> summary="This section details the Sorcerer class, including their ski" keywords=['sorcerers', 'mystics', 'magic', 'spells', 'scrolls', 'alchemy', 'artifice', 'wands']
2026-08-03 22:29:10 [pipeline] DEBUG JOB a38be9e6 ENRICH 44/301: 44_mystics.md -> summary="Mystics are mind-powered spellcasters who rely on Psychic Ta" keywords=['mystics', 'psychic talent', 'spell mastery', 'premonition', 'esp', 'enchantment', 'adepthood', 'mind powers']
2026-08-03 22:29:14 [pipeline] DEBUG JOB a38be9e6 ENRICH 45/301: 45_elementalists.md -> summary="This section describes three magic-using professions: Mystic" keywords=['mystics', 'elementalists', 'warlocks', 'adepthood', 'elemental specialism', 'raw power', 'weapon groups', 'simultaneous casting']
2026-08-03 22:29:16 [pipeline] DEBUG JOB a38be9e6 ENRICH 46/301: 46_chapter_10_the_book_of_spells_rank_he_chooses_two_weapon_groups_from_among.md -> summary="Warlocks are fighter-mages who combine sword and sorcery, sp" keywords=['warlock', 'fighter-mage', 'weapon groups', 'simultaneous casting', 'armour', 'intelligence', 'psychic talent', 'dwarves excluded']
2026-08-03 22:29:18 [pipeline] DEBUG JOB a38be9e6 ENRICH 47/301: 47_warlocks.md -> summary="Warlocks are fighter-mages who combine sword and sorcery, sp" keywords=['warlocks', 'fighter-mages', 'weapon groups', 'simultaneous casting', 'arrow cutting', 'enchantment', 'ride warhorse', 'appraise enemy']
2026-08-03 22:29:20 [pipeline] DEBUG JOB a38be9e6 ENRICH 48/301: 48_chapter_5.md -> summary="Assassins are stealthy shadow warriors who use cunning, guil" keywords=['assassins', 'shadow warriors', 'stealth', 'trickery', 'poison', 'cunning', 'guile', 'minimum requirements']
2026-08-03 22:29:23 [pipeline] DEBUG JOB a38be9e6 ENRICH 49/301: 49_the_shadow.md -> summary="Assassins in Dragon Warriors are rare characters who use ste" keywords=['assassin', 'stealth', 'cunning', 'poison', 'rare', 'requirements', 'reflexes', 'intelligence', 'psychic talent', 'armour penalties']
2026-08-03 22:29:25 [pipeline] DEBUG JOB a38be9e6 ENRICH 50/301: 50_warriors.md -> summary="Assassins are stealthy, cunning warriors who use stealth, co" keywords=['assassin', 'stealth', 'shock attack', 'armour piercing', 'throwing spike', 'deathvow', 'meditational techniques', 'alchemical techniques']
2026-08-03 22:29:29 [pipeline] DEBUG JOB a38be9e6 ENRICH 51/301: 51_chapter_6.md -> summary="This chapter provides a method for generating player-charact" keywords=['background', 'social class', 'dice', 'character history', 'player-character', 'gm', 'campaign', 'feudal']
2026-08-03 22:29:30 [pipeline] DEBUG JOB a38be9e6 ENRICH 52/301: 52_in_the.md -> summary="This chapter provides a method for generating player-charact" keywords=['background', 'character creation', 'social class', 'dice tables', 'history', 'npc', 'rpg']
2026-08-03 22:29:33 [pipeline] DEBUG JOB a38be9e6 ENRICH 53/301: 53_beginning.md -> summary="This chapter provides tables and rules for generating a char" keywords=['background', 'social class', 'profession', 'languages', 'literacy', 'character creation', 'dragon warriors', 'rpg']
2026-08-03 22:29:34 [pipeline] DEBUG JOB a38be9e6 ENRICH 54/301: 54_chapter_7.md -> summary="The chapter advises players to begin adventures by gathering" keywords=['adventure strategy', 'information gathering', 'gm briefing', 'npc adventurers', 'hirelings', 'fellow adventurers', 'planning', 'flexibility']
2026-08-03 22:29:36 [pipeline] DEBUG JOB a38be9e6 ENRICH 55/301: 55_adventure.md -> summary="This section covers adventure strategy, including player bri" keywords=['adventure strategy', 'npc adventurers', 'illumination', 'battle order', 'stealth', 'perception', 'tracking', 'combat rules']
2026-08-03 22:29:39 [pipeline] DEBUG JOB a38be9e6 ENRICH 56/301: 56_chapter_8.md -> summary="Combat is resolved in rounds, with each character making a h" keywords=['combat', 'hit roll', 'armour bypass roll', 'critical hit', 'combat round', 'health points', 'attack score', 'defence score', 'armour factor']
2026-08-03 22:29:41 [pipeline] DEBUG JOB a38be9e6 ENRICH 57/301: 57_the_rules.md -> summary="Combat in Dragon Warriors involves hit rolls (subtracting op" keywords=['combat', 'hit roll', 'armour bypass roll', 'combat round', 'attack score', 'defence score', 'critical hit', 'armour factor', 'health points']
2026-08-03 22:29:43 [pipeline] DEBUG JOB a38be9e6 ENRICH 58/301: 58_of_combat.md -> summary="This section explains the fundamental combat rules of Dragon" keywords=['combat', 'hit roll', 'armour bypass', 'damage', 'health points', 'armour factor', 'critical hit']
2026-08-03 22:29:45 [pipeline] DEBUG JOB a38be9e6 ENRICH 59/301: 59_1_the_attacker_rolls_1d20_to_determine_whether_he_hits.md -> summary="The combat system involves a hit roll using 1d20 against the" keywords=['hit roll', 'armor bypass', 'critical hit', 'attack score', 'defense score', 'armor factor', 'health points', 'combat round']
2026-08-03 22:29:47 [pipeline] DEBUG JOB a38be9e6 ENRICH 60/301: 60_2_if_an_attacker_scores_a_hit_he_rolls_to_see_whether_the_armour_type_armour_factor.md -> summary="Combat involves hit rolls (1d20 vs. attack minus defense) an" keywords=['hit roll', 'armour bypass roll', 'armour factor', 'critical hit', 'combat rounds', 'attack score', 'defence score']
2026-08-03 22:29:48 [pipeline] DEBUG JOB a38be9e6 ENRICH 61/301: 61_3_a_blow_which_gets_through_armour_inflicts_a_wound_mail_hauberk_3.md -> summary="This section details the fundamental combat rules of Dragon " keywords=['combat', 'hit roll', 'armour bypass', 'damage', 'movement', 'shields', 'wounds', 'evasion']
2026-08-03 22:29:50 [pipeline] DEBUG JOB a38be9e6 ENRICH 62/301: 62_chapter_9.md -> summary="This chapter explains the mechanics of magic in the Lands of" keywords=['magic', 'spells', 'magic points', 'sorcerer', 'elementalist', 'warlock', 'mystic', 'casting']
2026-08-03 22:29:53 [pipeline] DEBUG JOB a38be9e6 ENRICH 63/301: 63_the_use.md -> summary="This section describes the use of magic in the Lands of Lege" keywords=['magic', 'spells', 'magic points', 'sorcerer', 'elementalist', 'warlock', 'mystic', 'incantation']
2026-08-03 22:29:56 [pipeline] DEBUG JOB a38be9e6 ENRICH 64/301: 64_of_magic.md -> summary="This section explains the mechanics of spellcasting for diff" keywords=['magic points', 'spellcasting', 'psychic fatigue', 'mystics', 'sorcerers', 'elementalists', 'warlocks', 'spell levels']
2026-08-03 22:29:58 [pipeline] DEBUG JOB a38be9e6 ENRICH 65/301: 65_18_caedmon_now_cannot_cast_spells_until_the_following.md -> summary="This section details the mechanics of spellcasting for Mysti" keywords=['psychic fatigue', 'spell expiry', 'magic points', 'elemental categories', 'warlock', 'direct attack', 'indirect attack', 'spell failure']
2026-08-03 22:30:00 [pipeline] DEBUG JOB a38be9e6 ENRICH 66/301: 66_chapter_10.md -> summary="This section lists all sorcerer spells organized by level, n" keywords=['sorcerer', 'spells', 'level', 'magic points', 'rank', 'index']
2026-08-03 22:30:02 [pipeline] DEBUG JOB a38be9e6 ENRICH 67/301: 67_the_book.md -> summary="This section lists sorcerer spells by level (1-10), where a " keywords=['sorcerer spells', 'spell levels', 'magic points', 'rank', 'spell list']
2026-08-03 22:30:04 [pipeline] DEBUG JOB a38be9e6 ENRICH 68/301: 68_of_spells.md -> summary="This section lists all spells usable by Sorcerers, organized" keywords=['sorcerer', 'spells', 'level', 'magic points', 'rank', 'index', 'casting']
2026-08-03 22:30:06 [pipeline] DEBUG JOB a38be9e6 ENRICH 69/301: 69_sorcerer_spells.md -> summary="This section lists all spells usable by Sorcerers, organized" keywords=['sorcerer', 'spells', 'level', 'magic points', 'rank', 'casting', 'index']
2026-08-03 22:30:09 [pipeline] DEBUG JOB a38be9e6 ENRICH 70/301: 70_deathlight.md -> summary="This section lists all spells usable by Sorcerers, noting th" keywords=['sorcerer', 'spells', 'levels', 'magic points', 'rank', 'deathlight', 'index']
2026-08-03 22:30:13 [pipeline] DEBUG JOB a38be9e6 ENRICH 71/301: 71_stasis.md -> summary="This section lists all spells usable by Sorcerers, organized" keywords=['sorcerer', 'spells', 'level', 'magic points', 'rank', 'stasis', 'spell list']
2026-08-03 22:30:21 [pipeline] DEBUG JOB a38be9e6 ENRICH 72/301: 72_vorpal_blade.md -> summary="This section lists all spells usable by Sorcerers, organized" keywords=['sorcerer', 'spells', 'level', 'magic points', 'rank', 'index', 'vorpal blade']
2026-08-03 22:30:24 [pipeline] DEBUG JOB a38be9e6 ENRICH 73/301: 73_dragonbreath_antidote_astral_gate.md -> summary="This section lists all sorcerer spells by level, noting that" keywords=['spells', 'sorcerer', 'level', 'magic points', 'rank', 'index']
2026-08-03 22:30:35 [pipeline] DEBUG JOB a38be9e6 ENRICH 74/301: 74_image_curse_bastion.md -> summary="This section explains that a spell's level equals the number" keywords=['sorcerer', 'spells', 'level', 'magic points', 'rank', 'spell list']
2026-08-03 22:30:49 [pipeline] DEBUG JOB a38be9e6 ENRICH 75/301: 75_lesser_healing_disease_burden.md -> summary="This section describes the spells available to Sorcerers, no" keywords=['sorcerer', 'spells', 'magic points', 'rank', 'level', 'spell list', 'sorcerer spells']
2026-08-03 22:30:52 [pipeline] DEBUG JOB a38be9e6 ENRICH 76/301: 76_moonglow_oracle_destrier.md -> summary="This section lists all sorcerer spells by level, noting that" keywords=['sorcerer', 'spells', 'level', 'magic points', 'rank', 'casting']
2026-08-03 22:30:59 [pipeline] DEBUG JOB a38be9e6 ENRICH 77/301: 77_portal_shadowbolt_evil_eye.md -> summary="This section lists sorcerer spells by level, noting that a s" keywords=['spells', 'level', 'magic points', 'sorcerer', 'rank', 'index']
2026-08-03 22:31:05 [pipeline] DEBUG JOB a38be9e6 ENRICH 78/301: 78_weaken_wall_of_magic_rune.md -> summary="WEAKEN WALL OF MAGIC RUNE is a level 1 sorcerer spell that w" keywords=['weaken', 'wall', 'magic', 'rune', 'level 1', 'sorcerer', 'spell']
2026-08-03 22:31:07 [pipeline] DEBUG JOB a38be9e6 ENRICH 79/301: 79_detect_aura_banish_animate_bones.md -> summary="This section lists sorcerer spells organized by level, notin" keywords=['sorcerer', 'spells', 'levels', 'magic points', 'rank', 'spell list', 'casting']
2026-08-03 22:31:20 [pipeline] DEBUG JOB a38be9e6 ENRICH 80/301: 80_hold_off_the_dead_divination_battlemaster.md -> summary="This section lists all sorcerer spells by level from one to " keywords=['sorcerer spells', 'spell level', 'magic points', 'rank', 'hold off the dead', 'divination', 'battlemaster']
2026-08-03 22:31:26 [pipeline] DEBUG JOB a38be9e6 ENRICH 81/301: 81_inflict_wound_fossilize_firestorm.md -> summary="This section lists all Sorcerer spells by level, noting that" keywords=['sorcerer', 'spells', 'levels', 'magic points', 'rank', 'spell list']
2026-08-03 22:31:28 [pipeline] DEBUG JOB a38be9e6 ENRICH 82/301: 82_peer_mantlet_invisibility.md -> summary="Peer Mantlet Invisibility is a Level Two Sorcerer spell. It " keywords=['peer mantlet invisibility', 'sorcerer', 'level two', 'spell', 'magic points', 'rank']
2026-08-03 22:31:38 [pipeline] DEBUG JOB a38be9e6 ENRICH 83/301: 83_tangleroots_reanimate_the_dead_miracle_cure.md -> summary="This section lists all spells available to Sorcerers, organi" keywords=['sorcerer spells', 'level', 'magic points', 'rank', 'spell list', 'sorcerer']
2026-08-03 22:31:41 [pipeline] DEBUG JOB a38be9e6 ENRICH 84/301: 84_warding_transfix_raise_fog.md -> summary="This section lists all sorcerer spells organized by level, n" keywords=['sorcerer spells', 'spell levels', 'magic points', 'rank', 'deathlight', 'enslave', 'nova', 'spell screen']
2026-08-03 22:31:45 [pipeline] DEBUG JOB a38be9e6 ENRICH 85/301: 85_banquet_armour_doppelganger.md -> summary="This section explains that sorcerer spells have a level equa" keywords=['sorcerer', 'spells', 'level', 'magic points', 'rank', 'casting', 'spell list']
2026-08-03 22:31:49 [pipeline] DEBUG JOB a38be9e6 ENRICH 86/301: 86_beacon_cure_disease_hecatomb.md -> summary="This section lists sorcerer spells by level, explaining that" keywords=['sorcerer', 'spells', 'level', 'magic points', 'rank', 'spell list', 'casting']
2026-08-03 22:31:52 [pipeline] DEBUG JOB a38be9e6 ENRICH 87/301: 87_command_dishearten_pentacle_of_entrapment.md -> summary="This page lists all spells usable by sorcerers, organized by" keywords=['sorcerer spells', 'spell level', 'magic points', 'rank', 'spell list']
2026-08-03 22:31:56 [pipeline] DEBUG JOB a38be9e6 ENRICH 88/301: 88_greater_healing_dispel_magic_resurrect.md -> summary="This section lists all sorcerer spells organized by level, n" keywords=['sorcerer spells', 'spell levels', 'magic points', 'rank', 'spell index', 'greater healing', 'dispel magic', 'resurrect']
2026-08-03 22:32:01 [pipeline] DEBUG JOB a38be9e6 ENRICH 89/301: 89_illusion_phantasm_scry.md -> summary="This section lists all spells usable by Sorcerers, noting th" keywords=['sorcerer', 'spells', 'level', 'magic points', 'rank', 'index']
2026-08-03 22:32:06 [pipeline] DEBUG JOB a38be9e6 ENRICH 90/301: 90_wolfcall_sword_of_damocles_transform.md -> summary="This section lists all sorcerer spells by level, noting that" keywords=['sorcerer spells', 'spell levels', 'magic points', 'spell descriptions', 'rank', 'spell list', 'dragon warriors']
2026-08-03 22:32:08 [pipeline] DEBUG JOB a38be9e6 ENRICH 91/301: 91_mystic_spells.md -> summary="The Mystic converts psychic energy into physical effects, wi" keywords=['mystic', 'spells', 'invigorate', 'mirage', 'see enchantment', 'suspended animation', 'darksight', 'telepathy']
2026-08-03 22:32:23 [pipeline] DEBUG JOB a38be9e6 ENRICH 92/301: 92_mirage_enthrall_duel.md -> summary="This section details the Mirage spell, a visual illusion tha" keywords=['mirage', 'enthrall', 'duel', 'mystic', 'spell', 'illusion']
2026-08-03 22:32:28 [pipeline] DEBUG JOB a38be9e6 ENRICH 93/301: 93_see_enchantment_hidden_target_levitation.md -> summary="This section describes level one and two mystic spells, incl" keywords=['mystic', 'spells', 'invigorate', 'mirage', 'see enchantment', 'suspended animation', 'darksight']
2026-08-03 22:32:36 [pipeline] DEBUG JOB a38be9e6 ENRICH 94/301: 94_suspended_animation_telepathy_paralysis.md -> summary="This section describes several level one and two mystic spel" keywords=['dragon warriors', 'mystic spells', 'invigorate', 'mirage', 'see enchantment', 'suspended animation', 'darksight']
2026-08-03 22:32:46 [pipeline] DEBUG JOB a38be9e6 ENRICH 95/301: 95_protection.md -> summary="This section lists mystic spells from Dragon Warriors, inclu" keywords=['mystic spells', 'invigorate', 'mirage', 'see enchantment', 'suspended animation', 'darksight', 'protection']
2026-08-03 22:32:53 [pipeline] DEBUG JOB a38be9e6 ENRICH 96/301: 96_dazzle_mystic_blast_intangibility.md -> summary="This section from the Dragon Warriors RPG manual lists Mysti" keywords=['dragon warriors', 'mystic', 'spells', 'invigorate', 'mirage', 'see enchantment', 'suspended animation', 'darksight']
2026-08-03 22:32:59 [pipeline] DEBUG JOB a38be9e6 ENRICH 97/301: 97_might_pass_unseen_mindpool.md -> summary="This section from the Dragon Warriors RPG details Mystic spe" keywords=['mystic', 'spells', 'levels', 'invigorate', 'mirage', 'see enchantment', 'darksight', 'might pass unseen']
2026-08-03 22:33:01 [pipeline] DEBUG JOB a38be9e6 ENRICH 98/301: 98_pursuit_truthsense_swiftness.md -> summary="This section from the Dragon Warriors RPG manual lists mysti" keywords=['dragon warriors', 'mystic spells', 'spell levels', 'invigorate', 'mirage', 'see enchantment', 'suspended animation', 'darksight']
2026-08-03 22:33:04 [pipeline] DEBUG JOB a38be9e6 ENRICH 99/301: 99_trance.md -> summary="This section describes the Mystic spells in the Dragon Warri" keywords=['dragon warriors', 'mystic spells', 'trance', 'invigorate', 'mirage', 'see enchantment', 'suspended animation', 'darksight']
2026-08-03 22:33:10 [pipeline] DEBUG JOB a38be9e6 ENRICH 100/301: 100_mind_cloak_purification_impregnable_sphere.md -> summary="This section details Mystic spells for the Dragon Warriors g" keywords=['mystic spells', 'invigorate', 'mirage', 'see enchantment', 'darksight', 'mind cloak', 'impregnable sphere']
2026-08-03 22:33:15 [pipeline] DEBUG JOB a38be9e6 ENRICH 101/301: 101_nourish_steel_claw_phoenix.md -> summary="This section of the Dragon Warriors RPG manual details Mysti" keywords=['mystic spells', 'dragon warriors', 'invigorate', 'mirage', 'see enchantment', 'suspended animation', 'darksight', 'nourish']
2026-08-03 22:33:20 [pipeline] DEBUG JOB a38be9e6 ENRICH 102/301: 102_telekinesis_survival_teleport.md -> summary="This section from the Dragon Warriors RPG manual lists mysti" keywords=['dragon warriors', 'mystic spells', 'telekinesis', 'survival', 'teleport', 'spell levels', 'invigorate', 'mirage']
2026-08-03 22:33:23 [pipeline] DEBUG JOB a38be9e6 ENRICH 103/301: 103_thunderclap.md -> summary="This section details Mystic spells from levels 1 to 9, inclu" keywords=['mystic', 'spells', 'levels', 'thunderclap', 'telekinesis', 'force field', 'teleport', 'phoenix']
2026-08-03 22:33:25 [pipeline] DEBUG JOB a38be9e6 ENRICH 104/301: 104_elementalist_spells.md -> summary="A list of elementalist spells organized by element (Earth, F" keywords=['elementalist', 'spells', 'earth', 'fire', 'air', 'water', 'darkness', 'thunderclap']
2026-08-03 22:33:27 [pipeline] DEBUG JOB a38be9e6 ENRICH 105/301: 105_1_abundance_1_candle.md -> summary="This section lists elementalist spells for Earth, Fire, Air," keywords=['elementalist', 'spells', 'earth', 'fire', 'air', 'water', 'darkness', 'thunderclap']
2026-08-03 22:33:34 [pipeline] DEBUG JOB a38be9e6 ENRICH 106/301: 106_2_spider_magic_2_pyrotechnics.md -> summary="This section describes two level 2 spells: Spider Magic (Ear" keywords=['spider magic', 'pyrotechnics', 'thunderclap', 'elementalist spells', 'earth', 'fire', 'damage', 'evasion']
2026-08-03 22:33:41 [pipeline] DEBUG JOB a38be9e6 ENRICH 107/301: 107_3_forest_murmurs_3_fire_arrow.md -> summary="This section describes the Forest Murmurs and Fire Arrow spe" keywords=['forest murmurs', 'fire arrow', 'elementalist spells', 'damage', 'speed', 'evasion', 'thunderclap', 'hp']
2026-08-03 22:33:47 [pipeline] DEBUG JOB a38be9e6 ENRICH 108/301: 108_4_create_bog_4_sheet_of_flame.md -> summary="This section describes the level 4 spells 'Create Bog' and '" keywords=['create bog', 'sheet of flame', 'elementalist spells', 'thunderclap', 'spell damage', 'stone wall']
2026-08-03 22:33:56 [pipeline] DEBUG JOB a38be9e6 ENRICH 109/301: 109_5_roots_5_protection_from_fire.md -> summary="This section lists elementalist spells by school and level, " keywords=['roots', 'protection from fire', 'earth elementalist', 'fire elementalist', 'level 5', 'spells']
2026-08-03 22:33:58 [pipeline] DEBUG JOB a38be9e6 ENRICH 110/301: 110_6_rock_wall_6_extinguish.md -> summary="This section describes the Thunderclap spell's effects and d" keywords=['thunderclap', 'elementalist spells', 'earth', 'fire', 'air', 'darkness', 'water', 'spell levels']
2026-08-03 22:34:04 [pipeline] DEBUG JOB a38be9e6 ENRICH 111/301: 111_7_fissure_7_flash.md -> summary="This section describes the level 7 Earth and Fire elementali" keywords=['fissure', 'flash', 'thunderclap', 'psychic energy', 'damage', 'evasion', 'hp', 'stone wall', 'elementalist']
2026-08-03 22:34:09 [pipeline] DEBUG JOB a38be9e6 ENRICH 112/301: 112_8_give_up_the_dead_8_fire_weapon.md -> summary="This section describes the Thunderclap spell and lists eleme" keywords=['thunderclap', 'give up the dead', 'fire weapon', 'earth', 'fire', 'air', 'darkness', 'water']
2026-08-03 22:34:15 [pipeline] DEBUG JOB a38be9e6 ENRICH 113/301: 113_9_tremor_9_conflagration.md -> summary="This section describes the level 9 spells Tremor and Conflag" keywords=['tremor', 'conflagration', 'elementalist spells', 'earth', 'fire', 'air', 'darkness', 'water']
2026-08-03 22:34:17 [pipeline] DEBUG JOB a38be9e6 ENRICH 114/301: 114_10_summon_the_man_of_stone_10_summon_the_holocaust.md -> summary="This section lists elementalist spells by level for Earth, F" keywords=['elementalist', 'spells', 'summon', 'earth', 'fire', 'air', 'darkness', 'water']
2026-08-03 22:34:20 [pipeline] DEBUG JOB a38be9e6 ENRICH 115/301: 115_1_cutting_power_of_the_mind_1_catspaw.md -> summary="This section lists elementalist spells by element (Earth, Fi" keywords=['spells', 'elementalist', 'earth', 'fire', 'air', 'darkness', 'water', 'levels', 'cutting power of the mind', 'catspaw', 'thunderclap']
2026-08-03 22:34:23 [pipeline] DEBUG JOB a38be9e6 ENRICH 116/301: 116_2_stargaze_2_darkeyes.md -> summary="This section lists elementalist spells by element (Earth, Fi" keywords=['elementalist spells', 'thunderclap', 'stargaze', 'darkeyes', 'spell list', 'damage', 'armour', 'stone walls']
2026-08-03 22:34:27 [pipeline] DEBUG JOB a38be9e6 ENRICH 117/301: 117_3_false_rumours_3_benight.md -> summary="This section lists elementalist spells by level for Earth, F" keywords=['spells', 'elementalist', 'false rumours', 'benight', 'thunderclap', 'earth', 'fire', 'air', 'darkness', 'water']
2026-08-03 22:34:31 [pipeline] DEBUG JOB a38be9e6 ENRICH 118/301: 118_4_windwall_4_curtain_of_night.md -> summary="This section lists elementalist spells by level for five sch" keywords=['elementalist', 'spells', 'earth', 'fire', 'air', 'darkness', 'water', 'windwall', 'curtain of night']
2026-08-03 22:34:34 [pipeline] DEBUG JOB a38be9e6 ENRICH 119/301: 119_5_summon_the_host_of_the_air_5_javelin_of_darkness.md -> summary="This section lists elementalist spells by level for Earth, F" keywords=['elementalist spells', 'earth', 'fire', 'air', 'water', 'darkness', 'summon the host of the air', 'javelin of darkness', 'spell levels']
2026-08-03 22:34:43 [pipeline] DEBUG JOB a38be9e6 ENRICH 120/301: 120_6_intangibility_6_shadowfall.md -> summary="This section describes the Thunderclap spell and provides li" keywords=['thunderclap', 'elementalist', 'spells', 'earth', 'fire', 'air', 'darkness', 'water']
2026-08-03 22:34:48 [pipeline] DEBUG JOB a38be9e6 ENRICH 121/301: 121_7_garrotte_7_summon_the_creatures_of_the.md -> summary="This section lists spells for five elementalist schools (Ear" keywords=['spells', 'elementalist', 'earth', 'fire', 'air', 'darkness', 'water', 'thunderclap', 'garrotte', 'summon the creatures of the night', 'damage', 'speed', 'armor', 'wall', 'level']
2026-08-03 22:34:53 [pipeline] DEBUG JOB a38be9e6 ENRICH 122/301: 122_8_flight_night.md -> summary="This section lists elementalist spells for Earth, Fire, Air," keywords=['elementalist spells', 'earth', 'fire', 'air', 'darkness', 'water', 'flight night', 'thunderclap']
2026-08-03 22:35:02 [pipeline] DEBUG JOB a38be9e6 ENRICH 123/301: 123_9_spin_8_eclipse_of_the_moon.md -> summary="This section describes the Thunderclap spell and lists eleme" keywords=['thunderclap', 'elementalist', 'spells', 'earth', 'fire', 'air', 'darkness', 'water']
2026-08-03 22:35:12 [pipeline] DEBUG JOB a38be9e6 ENRICH 124/301: 124_10_banshee_9_shadow_self.md -> summary="This section lists elementalist spells by element (Earth, Fi" keywords=['elementalist spells', 'earth', 'fire', 'air', 'darkness', 'water', 'banshee', 'shadow self', 'thunderclap', 'spell levels']
2026-08-03 22:35:16 [pipeline] DEBUG JOB a38be9e6 ENRICH 125/301: 125_10_summon_balor_prince_of.md -> summary="This section lists elementalist spells for Earth, Fire, Air," keywords=['elementalist spells', 'earth', 'fire', 'air', 'darkness', 'water', 'summon balor', 'prince of darkness', 'spell levels']
2026-08-03 22:35:19 [pipeline] DEBUG JOB a38be9e6 ENRICH 126/301: 126_1_rain.md -> summary="This section describes the Thunderclap spell, which deals 6d" keywords=['rain', 'thunderclap', 'elementalist', 'earth', 'fire', 'air', 'darkness', 'water']
2026-08-03 22:35:27 [pipeline] DEBUG JOB a38be9e6 ENRICH 127/301: 127_2_wave_mastery.md -> summary="Wave Mastery is a level 2 Water Elementalist spell that dire" keywords=['wave mastery', 'water elementalist', 'destructive energy', 'speed 12', 'damage', 'armor penetration', 'thunderclap']
2026-08-03 22:35:33 [pipeline] DEBUG JOB a38be9e6 ENRICH 128/301: 128_3_icewall.md -> summary="This section describes the Icewall spell, a level 3 water el" keywords=['icewall', 'water elementalist', 'spell', 'level 3']
2026-08-03 22:35:35 [pipeline] DEBUG JOB a38be9e6 ENRICH 129/301: 129_4_walk_on_water.md -> summary="Walk on Water is a level 4 Water Elementalist spell that pre" keywords=['walk on water', 'water elementalist', 'level 4', 'spell']
2026-08-03 22:35:42 [pipeline] DEBUG JOB a38be9e6 ENRICH 130/301: 130_5_ice_spear.md -> summary="ICE SPEAR is a level 5 Water Elementalist spell that deals 6" keywords=['ice spear', 'water elementalist', 'level 5', 'damage', '6d6+6', 'speed 12', 'evasion', 'armor']
2026-08-03 22:35:47 [pipeline] DEBUG JOB a38be9e6 ENRICH 131/301: 131_6_breathe_under_water.md -> summary="This section lists elementalist spells by element (earth, fi" keywords=['breathe under water', 'elementalist spells', 'thunderclap', 'spell list', 'water', 'earth', 'fire', 'air']
2026-08-03 22:36:02 [pipeline] DEBUG JOB a38be9e6 ENRICH 132/301: 132_7_blizzard.md -> summary="This section describes the Thunderclap spell's effects and p" keywords=['blizzard', 'elementalist', 'spells', 'earth', 'fire', 'air', 'water', 'darkness']
2026-08-03 22:36:09 [pipeline] DEBUG JOB a38be9e6 ENRICH 133/301: 133_8_freeze.md -> summary="This section lists elementalist spells by type and level, in" keywords=['freeze', 'thunderclap', 'elementalist', 'spells', 'water', 'air', 'earth', 'fire', 'darkness', 'level']
2026-08-03 22:36:12 [pipeline] DEBUG JOB a38be9e6 ENRICH 134/301: 134_9_lightning.md -> summary="The Lightning spell is a 9th-level Water Elementalist spell " keywords=['lightning', 'water elementalist', 'spell', 'damage', '6d6+6', 'speed 12', 'evasion', 'armor']
2026-08-03 22:36:14 [pipeline] DEBUG JOB a38be9e6 ENRICH 135/301: 135_10_summon_tsunami.md -> summary="A powerful Water Elementalist spell that summons a massive t" keywords=['water', 'elementalist', 'tsunami', 'summon', 'wave', 'damage', 'level 10']
2026-08-03 22:36:17 [pipeline] DEBUG JOB a38be9e6 ENRICH 136/301: 136_1_abundance_he_is_being_followed_may_cast_the_spell_on_a_large.md -> summary="This section describes five Earth Spells for Dragon Warriors" keywords=['earth spells', 'elementalist', 'darkness', 'abundance', 'spider magic', 'forest murmurs', 'create bog', 'roots']
2026-08-03 22:36:19 [pipeline] DEBUG JOB a38be9e6 ENRICH 137/301: 137_2_spider_magic_wishing_to_escape_embogment_should_make_a_d20.md -> summary="This section details five Earth Elementalist spells: Abundan" keywords=['earth spells', 'elementalist', 'darkness', 'abundance', 'spider magic', 'forest murmurs', 'create bog', 'roots']
2026-08-03 22:36:22 [pipeline] DEBUG JOB a38be9e6 ENRICH 138/301: 138_3_forest_murmurs.md -> summary="This section details eight Earth spells for Dragon Warriors " keywords=['dragon warriors', 'earth spells', 'elementalist', 'darkness', 'forest murmurs', 'abundance', 'spider magic', 'create bog']
2026-08-03 22:36:25 [pipeline] DEBUG JOB a38be9e6 ENRICH 139/301: 139_6_rock_wall_into_it_1d6_damage_anyone_trying_to_jump_the.md -> summary="This section describes several spells including Rock Wall, F" keywords=['rock wall', 'fissure', 'give up the dead', 'tremor', 'summon the man of stone', 'darkness', 'spell expiry roll', 'roots']
2026-08-03 22:36:27 [pipeline] DEBUG JOB a38be9e6 ENRICH 140/301: 140_9_tremor.md -> summary="The Tremor spell creates an escalating earthquake in a 10m r" keywords=['tremor', 'earthquake', 'damage', 'area of effect', 'spell expiry roll', 'darkness', 'destruction', 'ground shaking']
2026-08-03 22:36:29 [pipeline] DEBUG JOB a38be9e6 ENRICH 141/301: 141_1_cutting_power_of_the_mind_darkness_the_sound_created_is_always_that_of_a.md -> summary="This section describes Air Spells for Air Elementalists, who" keywords=['air spells', 'elementalist', 'aeolian harp', 'spell expiry roll', 'fright attack', 'windwall', 'summon host of the air', 'darkness variant']
2026-08-03 22:36:33 [pipeline] DEBUG JOB a38be9e6 ENRICH 142/301: 142_2_stargaze_take_1d8_points_of_damage_armour_does_not_pro.md -> summary="This section describes five Air Spells for Air Elementalists" keywords=['air spells', 'elementalist', 'aeolian harp', 'cutting power of the mind', 'stargaze', 'false rumours', 'windwall', 'summon the host of the air']
2026-08-03 22:36:36 [pipeline] DEBUG JOB a38be9e6 ENRICH 143/301: 143_3_false_rumours_5_a_bird_of_prey_that_could_attack_an_opponent.md -> summary="This section describes Air Elementalist spells, including th" keywords=['air spells', 'elementalist', 'darkness', 'flight', 'illusion', 'summon', 'banshee', 'windwall']
2026-08-03 22:36:40 [pipeline] DEBUG JOB a38be9e6 ENRICH 144/301: 144_6_intangibility_into_the_ground_from_a_great_height_a_convenient.md -> summary="This spell allows the caster to become intangible and pass t" keywords=['intangibility', 'pass through walls', 'incorporeal', 'enchanted metal', 'expiry roll', 'crushed', 'darkness elementalist', 'reverse spell']
2026-08-03 22:36:47 [pipeline] DEBUG JOB a38be9e6 ENRICH 145/301: 145_10_banshee.md -> summary="The Banshee is a summoned vortex of violent wind that deafen" keywords=['banshee', 'summon', 'vortex', 'wind', 'deafen', 'implosion', 'death', 'experience points']
2026-08-03 22:36:59 [pipeline] DEBUG JOB a38be9e6 ENRICH 146/301: 146_7_garrotte_the_elementalist_may_summon_a_banshee_an_ani.md -> summary="This section describes four elementalist spells (Garrotte, F" keywords=['garrotte', 'flight', 'spin', 'banshee', 'darkness', 'elementalist', 'spell', 'constriction', 'implosion', 'experience points']
2026-08-03 22:37:03 [pipeline] DEBUG JOB a38be9e6 ENRICH 147/301: 147_8_flight_darkness_elementalist_costs_the_caster_10100.md -> summary="This section details spells for Darkness and Water Elemental" keywords=['flight', 'intangibility', 'garrotte', 'spin', 'banshee', 'water', 'darkness']
2026-08-03 22:37:09 [pipeline] DEBUG JOB a38be9e6 ENRICH 148/301: 148_1_rain_4_walk_on_water.md -> summary="This section details seven water and ice spells for the Elem" keywords=['water spells', 'ice spells', 'elementalist', 'darkness variant', 'rain', 'walk on water', 'ice spear', 'blizzard']
2026-08-03 22:37:11 [pipeline] DEBUG JOB a38be9e6 ENRICH 149/301: 149_2_wave_mastery_before_the_effects_of_the_spell_wear_off.md -> summary="This section describes seven water/ice spells for Elementali" keywords=['wave mastery', 'rain', 'icewall', 'walk on water', 'ice spear', 'breathe under water', 'blizzard', 'darkness', 'elementalist', 'spell', 'water', 'ice', 'magic', 'expiry roll', 'duration']
2026-08-03 22:37:15 [pipeline] DEBUG JOB a38be9e6 ENRICH 150/301: 150_3_icewall_stretch_at_the_end_of_this_period_he_will_have_to.md -> summary="This section details Water Elementalist spells (Rain, Wave M" keywords=['water elementalist', 'spells', 'darkness variant', 'ice', 'lightning', 'tidal wave', 'fire elementalist', 'candle']
2026-08-03 22:37:17 [pipeline] DEBUG JOB a38be9e6 ENRICH 151/301: 151_3_create_a_force_field_anyone_entering_within_a_radius_of.md -> summary="This section describes various elemental spells including a " keywords=['force field', 'freeze', 'lightning', 'darkness', 'tidal wave', 'candle', 'elementalist', 'damage']
2026-08-03 22:37:20 [pipeline] DEBUG JOB a38be9e6 ENRICH 152/301: 152_10_summon_tidal_wave.md -> summary="The caster creates a 10m-high wall of water from a lake or s" keywords=['tidal wave', 'water', 'devastation', 'shipping', 'coastal flood', 'health points loss', 'darkness variant', 'movement rate']
2026-08-03 22:37:23 [pipeline] DEBUG JOB a38be9e6 ENRICH 153/301: 153_8_freeze.md -> summary="Freeze is an offensive Water spell that encases a target in " keywords=['freeze', 'water', 'offensive', 'immobilize', 'shock', 'darkness', 'speed', 'jet']
2026-08-03 22:37:26 [pipeline] DEBUG JOB a38be9e6 ENRICH 154/301: 154_9_lightning.md -> summary="The Lightning spell allows a Water Elementalist to use a cha" keywords=['lightning', 'water elementalist', 'copper rod', 'lightning bolts', 'animate corpse', 'force field', 'darkness', 'zombie']
2026-08-03 22:37:27 [pipeline] DEBUG JOB a38be9e6 ENRICH 155/301: 155_1_candle.md -> summary="The Candle spell creates a magical candle that provides ligh" keywords=['candle', 'magical', 'light', 'caster', 'invisible', 'torch', 'waterproof', 'duration']
2026-08-03 22:37:29 [pipeline] DEBUG JOB a38be9e6 ENRICH 156/301: 156_1_fire_lightning_bolts_at_opponents_these_bolts_have.md -> summary="This section details Water Elementalist spells (blizzard, fr" keywords=['water elementalist', 'blizzard', 'freeze', 'lightning', 'summon tidal wave', 'fire spells', 'candle', 'darkness']
2026-08-03 22:37:31 [pipeline] DEBUG JOB a38be9e6 ENRICH 157/301: 157_2_animate_a_corpse_if_the_rod_touches_a_new_corpse_not.md -> summary="This section details Water and Fire Elementalist spells, inc" keywords=['elementalist', 'water spells', 'fire spells', 'darkness', 'damage', 'immobilize', 'zombie', 'tidal wave']
2026-08-03 22:37:35 [pipeline] DEBUG JOB a38be9e6 ENRICH 158/301: 158_2_pyrotechnics.md -> summary="This section describes three spells: Pyrotechnics (creating " keywords=['pyrotechnics', 'darkness', 'fire arrow', 'sheet of flame', 'illusion', 'fire', 'arrow', 'wall']
2026-08-03 22:37:37 [pipeline] DEBUG JOB a38be9e6 ENRICH 159/301: 159_3_fire_arrow_will_have_an_opportunity_to_jump_out_of_the_mount.md -> summary="This section details various fire and darkness spells for th" keywords=['elementalist', 'fire spells', 'darkness spells', 'spell expiry roll', 'pyrotechnics', 'fire arrow', 'sheet of flame', 'protection from fire', 'extinguish', 'flash', 'flame weapon', 'conflagration', 'summon the holocaust', 'catspaw', 'orb of darkness']
2026-08-03 22:37:41 [pipeline] DEBUG JOB a38be9e6 ENRICH 160/301: 160_5_protection_from_fire_any_combustible_material_in_the_area_near_it.md -> summary="This section details fire and darkness spells for the Dragon" keywords=['fire', 'darkness', 'elementalist', 'protection', 'flash', 'fire weapon', 'summon holocaust', 'catspaw']
2026-08-03 22:37:43 [pipeline] DEBUG JOB a38be9e6 ENRICH 161/301: 161_6_extinguish_being_horribly_scorched_to_summon_one_of_these.md -> summary="This section details fire and darkness spells for Elementali" keywords=['fire', 'darkness', 'elementalist', 'spells', 'protection', 'summon', 'holocaust', 'catspaw']
2026-08-03 22:37:45 [pipeline] DEBUG JOB a38be9e6 ENRICH 162/301: 162_7_flash.md -> summary="The Flash spell creates a blinding flash of light that blind" keywords=['flash', 'blinding', 'light', 'blindness', 'reflex', 'darkness', 'permanent', 'dispel magic']
2026-08-03 22:37:47 [pipeline] DEBUG JOB a38be9e6 ENRICH 163/301: 163_8_fire_weapon.md -> summary="The Fire Weapon spell makes a melee weapon glow white-hot, i" keywords=['fire weapon', 'spell', 'range 20m', 'duration', 'armour penetration', 'damage factor', 'white-hot heat', 'darkness', 'armour factor 0']
2026-08-03 22:37:51 [pipeline] DEBUG JOB a38be9e6 ENRICH 164/301: 164_1_catspaw.md -> summary="This section details several elementalist spells, including " keywords=['catspaw', 'darkness', 'elementalist', 'fire spells', 'protection', 'summon holocaust', 'extinguish', 'flash']
2026-08-03 22:37:55 [pipeline] DEBUG JOB a38be9e6 ENRICH 165/301: 165_9_conflagration.md -> summary="This section details fire and darkness spells for Elementali" keywords=['conflagration', 'darkness spells', 'elementalist', 'fire', 'holocaust', 'geas', 'magic', 'blindness']
2026-08-03 22:37:57 [pipeline] DEBUG JOB a38be9e6 ENRICH 166/301: 166_2_darkeyes_or_opponents_the_spear_affects_them_with_the_cast.md -> summary="This section describes several darkness-themed spells for an" keywords=['darkness elementalist', 'spells', 'geas', 'blindness', 'madness', 'phantasms', 'fright attack', 'eclipse']
2026-08-03 22:37:59 [pipeline] DEBUG JOB a38be9e6 ENRICH 167/301: 167_3_benight_radius_an_eerie_premature_twilight_settles_over_this.md -> summary="This section details several darkness-themed spells for a Da" keywords=['darkness', 'blindness', 'madness', 'phobia', 'geas', 'elementalist', 'spells', 'night']
2026-08-03 22:38:02 [pipeline] DEBUG JOB a38be9e6 ENRICH 168/301: 168_4_curtain_of_night.md -> summary="This section describes eight darkness-themed spells for a Da" keywords=['darkness', 'elementalist', 'spells', 'geas', 'blindness', 'madness', 'phobia', 'summoning']
2026-08-03 22:38:05 [pipeline] DEBUG JOB a38be9e6 ENRICH 169/301: 169_2_giant_spider_see_p_250.md -> summary="This section describes spells for a Darkness Elementalist, i" keywords=['darkness elementalist', 'spells', 'geas', 'blindness', 'madness', 'phobia', 'shadow', 'night creatures']
2026-08-03 22:38:10 [pipeline] DEBUG JOB a38be9e6 ENRICH 170/301: 170_3_ghost_see_p_241.md -> summary="This section describes several spells for a Darkness Element" keywords=['darkness', 'elementalist', 'spells', 'geas', 'blindness', 'madness', 'phobia', 'shadow']
2026-08-03 22:38:12 [pipeline] DEBUG JOB a38be9e6 ENRICH 171/301: 171_4_hag_see_p_243.md -> summary="This section describes spells for a Darkness Elementalist, i" keywords=['darkness', 'blindness', 'madness', 'phobia', 'geas', 'shadow', 'night', 'spells']
2026-08-03 22:38:15 [pipeline] DEBUG JOB a38be9e6 ENRICH 172/301: 172_5_wraith_see_p_253.md -> summary="This section describes several spells for a Darkness Element" keywords=['darkness elementalist', 'spells', 'geas', 'blindness', 'madness', 'phobia', 'wraith', 'shadowfall']
2026-08-03 22:38:19 [pipeline] DEBUG JOB a38be9e6 ENRICH 173/301: 173_5_javelin_of_darkness_8_eclipse_of_the_moon.md -> summary="This section details spells for the Darkness Elementalist, i" keywords=['darkness', 'elementalist', 'spells', 'geas', 'blindness', 'shadow', 'summon', 'eclipse', 'balor']
2026-08-03 22:38:21 [pipeline] DEBUG JOB a38be9e6 ENRICH 174/301: 174_9_shadow_self_ful_to_the_darkness_elementalist_in_an_impossible.md -> summary="The caster detaches his self from his body via his shadow, w" keywords=['shadow self', 'detach', 'duplicate', 'old body', 'health point loss', 'geas', 'darkness elementalist', 'impossible combat']
2026-08-03 22:38:24 [pipeline] DEBUG JOB a38be9e6 ENRICH 175/301: 175_warlock_spells.md -> summary="This section describes warlock spells, their level restricti" keywords=['warlock', 'spells', 'shadow self', 'summon balor', 'geas', 'health point', 'darkness elementalist', 'asterisk']
2026-08-03 22:38:29 [pipeline] DEBUG JOB a38be9e6 ENRICH 176/301: 176_heal_injury_neutralize_pacify.md -> summary="This section details warlock spells, including Heal Injury, " keywords=['warlock', 'spells', 'heal injury', 'neutralize', 'pacify', 'shadow self', 'summon balor', 'geas']
2026-08-03 22:38:42 [pipeline] DEBUG JOB a38be9e6 ENRICH 177/301: 177_perception_of_sorcery_oracle_spell_screen.md -> summary="This section describes the Shadow Self and Summon Balor spel" keywords=['shadow self', 'summon balor', 'warlock spells', 'geas', 'darkness', 'health point', 'madness', 'perception of sorcery']
2026-08-03 22:39:03 [pipeline] DEBUG JOB a38be9e6 ENRICH 178/301: 178_vitality.md -> summary="The Vitality spell causes a permanent loss of 1 Health Point" keywords=['vitality', 'dragon warriors', 'health point', 'phobic', 'darkness', 'geas', 'shadowy half-moon']
2026-08-03 22:39:08 [pipeline] DEBUG JOB a38be9e6 ENRICH 179/301: 179_fortune_slow_gauntlet.md -> summary="This section describes the Shadow Self and Summon Balor spel" keywords=['shadow self', 'summon balor', 'warlock', 'geas', 'health point', 'darkness elementalist', 'spell levels', 'asterisk']
2026-08-03 22:39:10 [pipeline] DEBUG JOB a38be9e6 ENRICH 180/301: 180_warning_terminate_reincarnate.md -> summary="This section lists Warlock spells by level and describes the" keywords=['warlock', 'spells', 'shadow self', 'summon balor', 'geas', 'health point loss', 'death', 'darkness elementalist', 'madness', 'phobia']
2026-08-03 22:39:14 [pipeline] DEBUG JOB a38be9e6 ENRICH 181/301: 181_enchantment.md -> summary="This section describes enchantment spells including Geas (ma" keywords=['enchantment', 'geas', 'shadow self', 'summon balor', 'warlock spells', 'health point loss', 'darkness elementalist', 'madness']
2026-08-03 22:39:22 [pipeline] DEBUG JOB a38be9e6 ENRICH 182/301: 182_deceit_annihilate_flying_steed.md -> summary="A level three Warlock spell named 'Deceit Annihilate Flying " keywords=['deceit', 'annihilate', 'flying steed', 'warlock', 'level three', 'spell']
2026-08-03 22:39:24 [pipeline] DEBUG JOB a38be9e6 ENRICH 183/301: 183_telekinesis_vaporize_teleport.md -> summary="This section details the Warlock spell list in Dragon Warrio" keywords=['warlock', 'spells', 'telekinesis', 'vaporize', 'teleport', 'dragon warriors', 'magic', 'rpg']
2026-08-03 22:39:26 [pipeline] DEBUG JOB a38be9e6 ENRICH 184/301: 184_6_in_combat_it_will_bite_d8_2_5_or_claw_d12_lacrum_apart_if_both_are_seen_together_the_dupli.md -> summary="This section details several ninth-level Warlock spells (Fly" keywords=['warlock spells', 'flying steed', 'invulnerability', 'simulacrum', 'song of battle', 'teleport', 'game-time', 'non-player characters']
2026-08-03 22:39:28 [pipeline] DEBUG JOB a38be9e6 ENRICH 185/301: 185_chapter_11.md -> summary="The chapter advises new GamesMasters to gain practical exper" keywords=['gamesmaster', 'game-time', 'non-player characters', 'scenario', 'practical experience', 'time estimation', 'campaign calendar']
2026-08-03 22:39:32 [pipeline] DEBUG JOB a38be9e6 ENRICH 186/301: 186_games.md -> summary="This section discusses the distinction between game-time and" keywords=['game-time', 'real-time', 'estimation', 'calendar', 'non-player characters', 'npc', 'gamesmaster', 'time management']
2026-08-03 22:39:35 [pipeline] DEBUG JOB a38be9e6 ENRICH 187/301: 187_mastering.md -> summary="This section provides guidance for GamesMasters on managing " keywords=['game-time', 'non-player characters', 'hirelings', 'death', 'morale checks', 'poison', 'fright attacks']
2026-08-03 22:39:37 [pipeline] DEBUG JOB a38be9e6 ENRICH 188/301: 188_other_rules.md -> summary="This section covers various game mechanics including morale " keywords=['morale checks', 'poison', 'fright attacks', 'gaze attacks', 'vision types', 'curses', 'madness', 'diseases']
2026-08-03 22:39:38 [pipeline] DEBUG JOB a38be9e6 ENRICH 189/301: 189_chapter_12.md -> summary="Characters are rewarded through Rank, Renown, and Treasure; " keywords=['rank', 'renown', 'treasure', 'experience points', 'surviving', 'defeating opponents', 'adventure', 'rewards']
2026-08-03 22:39:39 [pipeline] DEBUG JOB a38be9e6 ENRICH 190/301: 190_the_rewards_of.md -> summary="This section describes the three main rewards for adventurer" keywords=['rank', 'renown', 'treasure', 'experience points', 'surviving', 'defeating opponents', 'advancement', 'rewards']
2026-08-03 22:39:41 [pipeline] DEBUG JOB a38be9e6 ENRICH 191/301: 191_adventuring.md -> summary="Characters are rewarded through Rank (gained via experience " keywords=['experience points', 'rank', 'renown', 'treasure', 'professions', 'magic items', 'adventuring']
2026-08-03 22:39:44 [pipeline] DEBUG JOB a38be9e6 ENRICH 192/301: 192_chapter_13.md -> summary="This section categorizes magical items into groups like ench" keywords=['magical items', 'enchanted weapons', 'magic bonus', 'armour bypass rolls', 'flawed items', 'weapon types', 'd100 rolls']
2026-08-03 22:39:46 [pipeline] DEBUG JOB a38be9e6 ENRICH 193/301: 193_items_weird.md -> summary="This section details enchanted weapons and armour, including" keywords=['enchanted weapons', 'magic bonus', 'armour', 'scrolls', 'potions', 'talismans', 'rings', 'flaws']
2026-08-03 22:39:48 [pipeline] DEBUG JOB a38be9e6 ENRICH 194/301: 194_and_wondrous.md -> summary="This section details magical items such as enchanted weapons" keywords=['magical items', 'enchanted weapons', 'scrolls', 'potions', 'amulets', 'talismans', 'rings', 'artifacts']
2026-08-03 22:39:50 [pipeline] DEBUG JOB a38be9e6 ENRICH 195/301: 195_artifacts.md -> summary="This section describes various unique magical artifacts and " keywords=['artifacts', 'relics', 'magic', 'unique', 'powers', 'sentience', 'teleportation', 'invisibility']
2026-08-03 22:39:52 [pipeline] DEBUG JOB a38be9e6 ENRICH 196/301: 196_chapter_14.md -> summary="This section introduces the world of Legend as a customizabl" keywords=['legend', 'campaign', 'setting', 'gamesmaster', 'fantasy world', 'customization', 'regions', 'time periods']
2026-08-03 22:39:55 [pipeline] DEBUG JOB a38be9e6 ENRICH 197/301: 197_the_lands.md -> summary="This section introduces the world of Legend as a flexible ca" keywords=['lands of legend', 'campaign setting', 'gamesmaster', 'fantasy world', 'customization', 'time periods', 'regions', 'role-playing']
2026-08-03 22:39:58 [pipeline] DEBUG JOB a38be9e6 ENRICH 198/301: 198_of_legend.md -> summary="This section describes the fantasy world of Legend, detailin" keywords=['legend', 'ellesland', 'albion', 'cornumbria', 'thuland', 'krarth', 'ferromaine', "ta'ashim"]
2026-08-03 22:40:00 [pipeline] DEBUG JOB a38be9e6 ENRICH 199/301: 199_chapter_15.md -> summary="This section presents folklore and myth from the world of Le" keywords=['lore', 'legend', 'folklore', 'myth', 'altar of jusjurandus', 'armoured one', 'android', 'oath']
2026-08-03 22:40:02 [pipeline] DEBUG JOB a38be9e6 ENRICH 200/301: 200_the_lore.md -> summary="This section explores the folklore and myths of Legend, pres" keywords=['lore', 'legend', 'folklore', 'myth', 'altar', 'armoured one', 'android', 'oath']
2026-08-03 22:40:05 [pipeline] DEBUG JOB a38be9e6 ENRICH 201/301: 201_of_legend.md -> summary="This chapter presents folklore and myths of the world of Leg" keywords=['folklore', 'myth', 'magic', 'altar', 'android', 'casket', 'crown', 'oath']
2026-08-03 22:40:08 [pipeline] DEBUG JOB a38be9e6 ENRICH 202/301: 202_2_everyone_within_10m_is_struck_dumb_for_one_minute_no_one_can_approach_the_user_until_it_subsides_it_is.md -> summary="This section describes the Casket of Fays, a magical item wi" keywords=['casket of fays', 'crown of kings', 'magical item', 'random effects', 'charisma', 'command', 'blindness', 'silence']
2026-08-03 22:40:11 [pipeline] DEBUG JOB a38be9e6 ENRICH 203/301: 203_3_a_haunting_siren_song_emanates_from_the_casket_and_swoop_to_attack_a_foe_indicated_by_the_user_unless.md -> summary="This section describes the unpredictable magical effects of " keywords=['casket of fays', 'crown of kings', 'magical effects', 'siren song', 'plague', 'darkness', 'command', 'rank']
2026-08-03 22:40:13 [pipeline] DEBUG JOB a38be9e6 ENRICH 204/301: 204_4_a_foul_plague_of_grey_rats_pours_from_the_casket_glide_forward_then_halfglimpsed_hands_wrench_the.md -> summary="This section describes the Casket of Fays, a magical item th" keywords=['casket of fays', 'random effects', 'crown of kings', 'charisma', 'leadership', 'command', 'brevet rank', 'fright attack']
2026-08-03 22:40:15 [pipeline] DEBUG JOB a38be9e6 ENRICH 205/301: 205_5_a_random_sorcery_spell_of_1st8th_level_is_cast_upon.md -> summary="This section describes the Casket of Fays, which produces ra" keywords=['casket of fays', 'crown of kings', 'sorcery spell', 'fright attack', 'charisma', 'brevet rank', 'command', 'random effect']
2026-08-03 22:40:18 [pipeline] DEBUG JOB a38be9e6 ENRICH 206/301: 206_6_utter_darkness_fills_a_zone_of_10m_radius_and_no_and_rubies_was_worn_by_guillarme_ii_the_great.md -> summary="The Casket of Fays produces one of thirteen random magical e" keywords=['casket of fays', 'crown of kings', 'random effects', 'charisma', 'command', 'rank', 'blindness', 'summoning']
2026-08-03 22:40:21 [pipeline] DEBUG JOB a38be9e6 ENRICH 207/301: 207_7_an_illusory_duplicate_of_one_randomly_determined.md -> summary="The Casket of Fays produces a random magical effect when ope" keywords=['casket of fays', 'crown of kings', 'random effects', 'charisma', 'command', 'rank', 'brevet rank', 'fright attack']
2026-08-03 22:40:25 [pipeline] DEBUG JOB a38be9e6 ENRICH 208/301: 208_8_an_unaccountable_blizzard_blows_out_of_the_casket.md -> summary="This section describes the Casket of Fays, a magical item wi" keywords=['casket of fays', 'crown of kings', 'blizzard', 'charisma', 'command', 'random effects', 'rank', 'fright attack']
2026-08-03 22:40:26 [pipeline] DEBUG JOB a38be9e6 ENRICH 209/301: 209_9_the_user_opens_the_casket_and_pulls_out_a_spriggan_and_the_wearer_of_the_crown_can_command_a_total.md -> summary="The Casket of Fays produces a random magical effect when ope" keywords=['casket of fays', 'crown of kings', 'random effects', 'charisma', 'command', 'brevet rank', 'fright attack', 'spell expiry roll']
2026-08-03 22:40:28 [pipeline] DEBUG JOB a38be9e6 ENRICH 210/301: 210_10_a_booming_voice_from_the_caskets_depths_speaks_the.md -> summary="The Casket of Fays produces a variety of magical effects, fr" keywords=['casket of fays', 'crown of kings', 'magical effects', 'brevet rank', 'charisma', 'command', 'fright attack', 'spell expiry roll']
2026-08-03 22:40:32 [pipeline] DEBUG JOB a38be9e6 ENRICH 211/301: 211_11_a_storm_of_pine_needles_streams_from_the_casket_of_his_intended_underling_the_result_is_the_number.md -> summary="This section details numerous magical items, artifacts, and " keywords=['magical items', 'artifacts', 'legend', 'casket of fays', 'crown of kings', "helgrim's hand", "high king's cauldron", 'languages']
2026-08-03 22:40:35 [pipeline] DEBUG JOB a38be9e6 ENRICH 212/301: 212_chapter_16.md -> summary="This chapter describes three levels of language proficiency " keywords=['languages', 'proficiency levels', 'basic', 'intermediate', 'fluency', 'learning methods', 'tutor', 'immersion']
2026-08-03 22:40:37 [pipeline] DEBUG JOB a38be9e6 ENRICH 213/301: 213_living_in_the.md -> summary="This section describes three levels of language proficiency " keywords=['languages', 'basic', 'intermediate', 'fluency', 'learning', 'tutor', 'immersion', 'lands of legend']
2026-08-03 22:40:39 [pipeline] DEBUG JOB a38be9e6 ENRICH 214/301: 214_lands_of.md -> summary="This chapter describes three levels of language proficiency " keywords=['languages', 'proficiency levels', 'basic', 'intermediate', 'fluency', 'learning methods', 'tutor', 'immersion', 'difficulty']
2026-08-03 22:40:42 [pipeline] DEBUG JOB a38be9e6 ENRICH 215/301: 215_legend.md -> summary="This section details language proficiency levels, methods of" keywords=['languages', 'literacy', 'scripts', 'calendar', 'crime', 'punishment', 'courts', 'feudalism']
2026-08-03 22:40:44 [pipeline] DEBUG JOB a38be9e6 ENRICH 216/301: 216_1_does_anyone_witness_the_crime.md -> summary="This section outlines the various courts in a fantasy mediev" keywords=['courts', 'witnesses', 'bribery', 'penalties', 'jurisdiction', 'crime', 'evidence', 'medieval law']
2026-08-03 22:40:45 [pipeline] DEBUG JOB a38be9e6 ENRICH 217/301: 217_3_if_tracked_down_and_apprehended_can_the_felon_bribe.md -> summary="This section describes the different courts in the Lands of " keywords=['courts', 'bribery', 'witnesses', 'ecclesiastical court', 'civil court', 'market court', "king's court", 'criminal procedure']
2026-08-03 22:40:49 [pipeline] DEBUG JOB a38be9e6 ENRICH 218/301: 218_4_if_brought_to_court_can_he_bribe_the_judges.md -> summary="Bribery is possible in ecclesiastical courts, where even her" keywords=['bribery', 'ecclesiastical court', 'civil court', 'market court', 'judges', 'impunity', 'trial', 'corruption']
2026-08-03 22:40:50 [pipeline] DEBUG JOB a38be9e6 ENRICH 219/301: 219_5_if_found_guilty_what_sentence_will_he_get.md -> summary="This section details the legal systems of a fantasy world, i" keywords=['courts', 'crimes', 'witnesses', 'bribery', 'trials', 'sentencing', 'social status', 'fantasy legal system']
2026-08-03 22:40:54 [pipeline] DEBUG JOB a38be9e6 ENRICH 220/301: 220_crime_status_matrix.md -> summary="The Crime Status Matrix determines court sentences based on " keywords=['crime status matrix', 'sentence', 'status differential', 'wargames', 'tourney', 'joust', 'ransom', 'experience points']
2026-08-03 22:40:55 [pipeline] DEBUG JOB a38be9e6 ENRICH 221/301: 221_chapter_17.md -> summary="This chapter discusses how to set a Dragon Warriors campaign" keywords=['campaign setting', 'world-building', 'inspiration', 'culture', 'magic and fantasy', 'lands of legend', 'dragon warriors']
2026-08-03 22:40:57 [pipeline] DEBUG JOB a38be9e6 ENRICH 222/301: 222_setting_your.md -> summary="This section explains how to customize a Dragon Warriors cam" keywords=['campaign setting', 'world-building', 'inspiration', 'culture', 'magic', 'fantasy', 'lands of legend', 'rpg']
2026-08-03 22:40:59 [pipeline] DEBUG JOB a38be9e6 ENRICH 223/301: 223_campaign.md -> summary="This section explains how to customize a Dragon Warriors cam" keywords=['campaign', 'lands of legend', 'world-building', 'inspiration', 'culture', 'magic', 'fantasy', 'setting']
2026-08-03 22:41:01 [pipeline] DEBUG JOB a38be9e6 ENRICH 224/301: 224_2_culture_this_is_where_you_can_narrow_the.md -> summary="This chapter discusses alternate campaign settings for Drago" keywords=['campaign settings', 'world-building', 'inspiration', 'culture', 'magic', 'fantasy', 'lands of legend']
2026-08-03 22:41:03 [pipeline] DEBUG JOB a38be9e6 ENRICH 225/301: 225_1_inspiration_decide_on_the_basic_inspiration_for_most_of_the_adventuring_will_take_place_what_are.md -> summary="This chapter provides guidance for Game Masters on creating " keywords=['campaign setting', 'inspiration', 'culture', 'magic', 'non-humans', 'gender', 'world-building', 'lands of legend', 'high fantasy', 'low fantasy']
2026-08-03 22:41:05 [pipeline] DEBUG JOB a38be9e6 ENRICH 226/301: 226_4_nonhumans_this_is_closely_related_to_3_above_tradition_made_it_hard_for_women_to_gain_power.md -> summary="The manual discusses how non-human characters may face preju" keywords=['non-humans', 'gender', 'prejudice', 'setting flexibility', 'player character', 'acceptance', 'medieval', 'society']
2026-08-03 22:41:08 [pipeline] DEBUG JOB a38be9e6 ENRICH 227/301: 227_6_rules_changes_dragon_warriors_is_by_design_a.md -> summary="This section explains how to modify Dragon Warriors' simple " keywords=['rules changes', 'modifications', 'variable damage', 'lethal combat', 'health points', 'long-term injuries', 'game system', 'variants']
2026-08-03 22:41:10 [pipeline] DEBUG JOB a38be9e6 ENRICH 228/301: 228_rules_variants.md -> summary="This section presents optional rule variants for customizing" keywords=['rules variants', 'lethal combat', 'variable damage', 'mooks', 'critical hits', 'fate points', 'more skills', 'no shopping']
2026-08-03 22:41:11 [pipeline] DEBUG JOB a38be9e6 ENRICH 229/301: 229_chapter_18.md -> summary="This chapter covers travel rules in a medieval fantasy setti" keywords=['travel', 'hazards', 'terrain', 'distances', 'random encounters', 'disputations', 'medieval', 'fantasy']
2026-08-03 22:41:13 [pipeline] DEBUG JOB a38be9e6 ENRICH 230/301: 230_travel_and.md -> summary="This section covers overland travel in a medieval fantasy wo" keywords=['travel', 'hazards', 'terrain', 'distances', 'random encounters', 'disputations', 'outdoor travel', 'wilderness']
2026-08-03 22:41:14 [pipeline] DEBUG JOB a38be9e6 ENRICH 231/301: 231_hazards.md -> summary="This section details travel in the Dragon Warriors world, in" keywords=['travel', 'hazards', 'terrain', 'random encounters', 'disputations', 'knights', 'sorcerers', 'underworlds']
2026-08-03 22:41:18 [pipeline] DEBUG JOB a38be9e6 ENRICH 232/301: 232_1_prepare_a_gametime_calendar_for_the_journey.md -> summary="This section covers rules for Knight and Sorcerer disputatio" keywords=['disputation', 'knights', 'sorcerers', 'barbarians', 'underworlds', 'long-distance travel', 'calendar', 'experience points']
2026-08-03 22:41:21 [pipeline] DEBUG JOB a38be9e6 ENRICH 233/301: 233_2_work_out_the_total_distance_the_playercharacters.md -> summary="This section covers rules for character disputations (Knight" keywords=['disputation', 'knights', 'sorcerers', 'barbarians', 'underworlds', 'long-distance travel', 'game-time calendar', 'language barriers']
2026-08-03 22:41:23 [pipeline] DEBUG JOB a38be9e6 ENRICH 234/301: 234_4_very_long_journeys_often_mean_that_a_gametime_themselves_otherwise_there_will_inevitably_be_mis.md -> summary="This section provides guidelines for handling long journeys " keywords=['travel', 'hazards', 'sea travel', 'ships', 'weather', 'storms', 'navigation', 'journey']
2026-08-03 22:41:28 [pipeline] DEBUG JOB a38be9e6 ENRICH 235/301: 235_chapter_19.md -> summary="An introductory scenario for 4-6 first-rank characters in Dr" keywords=['dragon warriors', 'introductory scenario', 'curse', 'white lady', 'queen fhionn', "maiden's vale", 'sir olvar', 'maxim le cloche']
2026-08-03 22:41:31 [pipeline] DEBUG JOB a38be9e6 ENRICH 236/301: 236_the_darkness.md -> summary="An introductory scenario for 4-6 first-rank characters in Dr" keywords=['dragon warriors', 'introductory scenario', 'curse', 'white lady', 'village', 'folk-tale structure', 'adventure', 'scenes']
2026-08-03 22:41:34 [pipeline] DEBUG JOB a38be9e6 ENRICH 237/301: 237_before_dawn.md -> summary="An introductory scenario for 4-6 first-rank characters, set " keywords=['white lady', 'curse', "maiden's vale", 'sir olvar', 'maxim le cloche', 'feral dogs', 'squirrel', 'goblin']
2026-08-03 22:41:36 [pipeline] DEBUG JOB a38be9e6 ENRICH 238/301: 238_17_deduct_the_victims_magical_defence_if_you.md -> summary="The party encounters the goblin Erkiss, learns Fhionn's trag" keywords=['erkiss', 'fhionn', 'white lady', 'old mab', "strabo's sword", 'hellhounds', 'fengris', 'goblin']
2026-08-03 22:41:38 [pipeline] DEBUG JOB a38be9e6 ENRICH 239/301: 239_white_ladies.md -> summary="White ladies are demonic entities from the demonic planes th" keywords=['white ladies', 'demonic', 'worm-like', 'enslave', 'soul trap', 'fengris', 'sorcerer', 'warriors']
2026-08-03 22:41:41 [pipeline] DEBUG JOB a38be9e6 ENRICH 240/301: 240_chapter_20.md -> summary="This chapter provides quick-reference entries for monsters a" keywords=['automaton', 'adventurers', 'barudath', 'eaves phantom', 'monsters', 'dragon warriors', 'stats', 'quick-reference']
2026-08-03 22:41:44 [pipeline] DEBUG JOB a38be9e6 ENRICH 241/301: 241_monsters.md -> summary="This section provides quick-reference stats for various mons" keywords=['monsters', 'automaton', 'adventurers', 'apemen', 'barudath', 'eaves phantom', 'dragon warriors', 'bestiary']
2026-08-03 22:41:47 [pipeline] DEBUG JOB a38be9e6 ENRICH 242/301: 242_of_legend.md -> summary="This section provides quick-reference entries for various mo" keywords=['monsters', 'automatons', 'adventurers', 'apemen', 'barudath', 'eaves phantom', 'dragon warriors', 'quick-reference']
2026-08-03 22:41:49 [pipeline] DEBUG JOB a38be9e6 ENRICH 243/301: 243_automaton.md -> summary="This section provides a quick-reference guide to various mon" keywords=['monsters', 'automaton', 'apemen', 'barudath', 'eaves phantom', 'adventurers', 'dragon warriors', 'bestiary']
2026-08-03 22:41:51 [pipeline] DEBUG JOB a38be9e6 ENRICH 244/301: 244_apemen.md -> summary="Apemen are savage, gorilla-like carnivores that are a grotes" keywords=['apemen', 'savage', 'gorilla-like', 'carnivores', 'evolutionary quirk', 'dull-witted', 'strong']
2026-08-03 22:41:53 [pipeline] DEBUG JOB a38be9e6 ENRICH 245/301: 245_barghest_bear.md -> summary="This section of the Dragon Warriors RPG manual describes sev" keywords=['barghest bear', 'barnacle men', 'basilisk', 'bat', 'black riders', 'blue men', 'boggart', 'dragon warriors']
2026-08-03 22:42:01 [pipeline] DEBUG JOB a38be9e6 ENRICH 246/301: 246_barnacle_men.md -> summary="Barnacle Men are undead creatures that swarm from the ocean " keywords=['undead', 'ocean', 'storms', 'ships', 'barnacles', 'cutlasses', 'swarm']
2026-08-03 22:42:03 [pipeline] DEBUG JOB a38be9e6 ENRICH 247/301: 247_basilisk.md -> summary="The Basilisk is a magical beast resembling a giant cockerel " keywords=['basilisk', 'magical beast', 'giant cockerel', 'gaze attack', 'petrification', 'poison', 'metallic feathers', 'lizard legs']
2026-08-03 22:42:06 [pipeline] DEBUG JOB a38be9e6 ENRICH 248/301: 248_boggart.md -> summary="Boggarts are wizened sprites resembling Goblins, possibly fo" keywords=['boggart', 'sprite', 'goblin', 'magical', 'hide', 'surprise', 'sorcerer', 'bat']
2026-08-03 22:42:08 [pipeline] DEBUG JOB a38be9e6 ENRICH 249/301: 249_centaur.md -> summary="Centaurs are hybrid nomads with the upper torso of a human a" keywords=['centaur', 'hybrid', 'nomad', 'horse', 'human', 'sorcerer', 'hide', 'surprise']
2026-08-03 22:42:12 [pipeline] DEBUG JOB a38be9e6 ENRICH 250/301: 250_chimera.md -> summary="This section describes several legendary hybrid monsters inc" keywords=['chimera', 'centaur', 'bull', 'cadaver', 'caitshee', 'chonchon', 'hybrid', 'legendary']
2026-08-03 22:42:15 [pipeline] DEBUG JOB a38be9e6 ENRICH 251/301: 251_cadaver.md -> summary="This section describes several monsters including Centaur, B" keywords=['centaur', 'bull', 'chimera', 'caitshee', 'chonchon', 'cadaver', 'monster stats', 'rank-equivalent']
2026-08-03 22:42:17 [pipeline] DEBUG JOB a38be9e6 ENRICH 252/301: 252_caitshee.md -> summary="The Caitshee, or Faerie Cat, is a stealthy creature that lur" keywords=['caitshee', 'faerie cat', 'cemetery', 'jinxes spellcasting', 'silver weapons', 'death-curse', 'weaken spell', 'stealth']
2026-08-03 22:42:20 [pipeline] DEBUG JOB a38be9e6 ENRICH 253/301: 253_chonchon.md -> summary="This section of the RPG manual provides detailed statistics," keywords=['monsters', 'bestiary', 'stats', 'fantasy', 'rpg', 'dragon warriors', 'hybrid', 'legend']
2026-08-03 22:42:23 [pipeline] DEBUG JOB a38be9e6 ENRICH 254/301: 254_cloudspider.md -> summary="This section provides statistics and descriptions for variou" keywords=['monster', 'stats', 'attack', 'defence', 'health', 'magical defence', 'dragon', 'dwarf', 'elemental']
2026-08-03 22:42:26 [pipeline] DEBUG JOB a38be9e6 ENRICH 255/301: 255_crocodile.md -> summary="This section provides statistics and descriptions for variou" keywords=['dragon warriors', 'crocodile', 'cloudspider', 'dracoman', 'dragon', 'dwarf', "death's head", 'elemental']
2026-08-03 22:42:28 [pipeline] DEBUG JOB a38be9e6 ENRICH 256/301: 256_dwarf.md -> summary="Dwarves are short, stocky, bearded humanoids, typically abou" keywords=['dwarf', 'short', 'stocky', 'bearded', 'humanoid', 'player-character', 'stats', 'combat training']
2026-08-03 22:43:00 [pipeline] WARNING JOB a38be9e6 ENRICH 257/301 FAILED: 257_dracoman.md -> 'list' object has no attribute 'get'
2026-08-03 22:43:02 [pipeline] DEBUG JOB a38be9e6 ENRICH 258/301: 258_fungus_men.md -> summary="Fungus Men are mouldering skeletons clumped and caked with f" keywords=['fungus men', 'undead', 'skeletons', 'fungi', 'mind control immunity', 'spore infection', 'forest ruins', 'burial grounds']
2026-08-03 22:43:14 [pipeline] DEBUG JOB a38be9e6 ENRICH 259/301: 259_gargoyle.md -> summary="This section provides statistics and descriptions for variou" keywords=['monsters', 'elf', 'fang warrior', 'ghost', 'ghoul', 'frost giant', 'gargoyle', 'stats']
2026-08-03 22:43:21 [pipeline] DEBUG JOB a38be9e6 ENRICH 260/301: 260_fang_warrior.md -> summary="This section describes various monsters including Fang Warri" keywords=['fang warrior', 'fungus men', 'elf', 'gargoyle', 'ghost', 'ghoul', 'frost giant', 'monster stats']
2026-08-03 22:43:24 [pipeline] DEBUG JOB a38be9e6 ENRICH 261/301: 261_ghost.md -> summary="Fungus Men are mouldering skeletons caked with fungi that lu" keywords=['fungus men', 'undead', 'skeletons', 'fungi', 'spores', 'mind control', 'infection', 'forest ruins']
2026-08-03 22:43:27 [pipeline] DEBUG JOB a38be9e6 ENRICH 262/301: 262_ghoul.md -> summary="Ghouls are transformed Humans, Dwarves, or Elves who exist b" keywords=['ghoul', 'undead', 'transformed', 'human', 'dwarf', 'elf', 'corpse-eater', 'twilight existence']
2026-08-03 22:43:29 [pipeline] DEBUG JOB a38be9e6 ENRICH 263/301: 263_frost_giant.md -> summary="Frost Giants are rare giants that dwell in icy tundra or sub" keywords=['frost giant', 'giant', 'tundra', 'sub-arctic', 'village', 'fear', 'npc', 'rank']
2026-08-03 22:43:42 [pipeline] DEBUG JOB a38be9e6 ENRICH 264/301: 264_giant_viper.md -> summary="The giant viper is a venomous snake almost as large as a pyt" keywords=['giant viper', 'venomous snake', 'python-sized', 'strong poison', 'panic', 'bite', 'stealth']
2026-08-03 22:43:45 [pipeline] DEBUG JOB a38be9e6 ENRICH 265/301: 265_gnome.md -> summary="Gnomes are supernatural woodland entities that react violent" keywords=['gnome', 'grey gnome', 'supernatural', 'woodland', 'surprise', 'claws', 'embog spell', 'gargoyle-like']
2026-08-03 22:43:49 [pipeline] DEBUG JOB a38be9e6 ENRICH 266/301: 266_giant_rat_goblin.md -> summary="This section from the Dragon Warriors RPG provides statistic" keywords=['giant rat', 'goblin', 'giant viper', 'giant beetle', 'gnome', 'giant eagle', 'giant scorpion', 'golem']
2026-08-03 22:43:51 [pipeline] DEBUG JOB a38be9e6 ENRICH 267/301: 267_giant_scorpion.md -> summary="Giant scorpions are massive, up to 3-4 meters long, and mena" keywords=['giant scorpion', 'pincer', 'sting', 'strong poison', 'surprise', 'desert', 'jungle', 'seize']
2026-08-03 22:43:57 [pipeline] DEBUG JOB a38be9e6 ENRICH 268/301: 268_golem.md -> summary="" keywords=[]
2026-08-03 22:44:04 [pipeline] DEBUG JOB a38be9e6 ENRICH 269/301: 269_gorgon.md -> summary="" keywords=[]
2026-08-03 22:44:08 [pipeline] DEBUG JOB a38be9e6 ENRICH 270/301: 270_gryphon.md -> summary="This section provides statistics, abilities, and notes for v" keywords=['gorgon', 'gryphon', 'hag', 'harpy', 'hell hound', 'hippogriff', 'hobgoblin']
2026-08-03 22:44:29 [pipeline] DEBUG JOB a38be9e6 ENRICH 271/301: 271_harpy_hellrot.md -> summary="Harpy Hellrots are bloated, scabrous vulture-like creatures " keywords=['harpy hellrot', 'vulture', 'demon emissary', 'claws', 'bite', 'plague', 'vile odour', 'snatch']
2026-08-03 22:44:43 [pipeline] DEBUG JOB a38be9e6 ENRICH 272/301: 272_hippogriff.md -> summary="This section of the Dragon Warriors RPG manual describes six" keywords=['dragon warriors', 'monsters', 'harpy hellrot', 'hippogriff', 'hell hound', 'greater hell hound', 'hellion', 'hobgoblin']
2026-08-03 22:44:48 [pipeline] DEBUG JOB a38be9e6 ENRICH 273/301: 273_hell_hound.md -> summary="Hell hounds are dog-sized creatures with black fur and red e" keywords=['hell hound', 'doberman-sized', 'black fur', 'red eyes', 'eerie baying', 'attack 12', 'defence 5', 'health points 1d6+4']
2026-08-03 22:44:52 [pipeline] DEBUG JOB a38be9e6 ENRICH 274/301: 274_hellion.md -> summary="Hellions are soulless, cackling monstrosities from the nethe" keywords=['hellion', 'soulless', 'cackling', 'nether realm', 'monstrosity', 'sacred relic', 'cruxifix']
2026-08-03 22:44:59 [pipeline] DEBUG JOB a38be9e6 ENRICH 275/301: 275_hydra.md -> summary="This section provides stat blocks for various monsters inclu" keywords=['hydra', 'horse hydra', 'human', 'warhorse', 'ignis fatuus', 'imp', 'ire goblin', 'jumbee']
2026-08-03 22:45:02 [pipeline] DEBUG JOB a38be9e6 ENRICH 276/301: 276_jumbee.md -> summary="This section provides statistics and descriptions for variou" keywords=['jumbee', 'hydra', 'killer bees', 'lycanthrope', 'kappa', 'kraken', 'krask', 'ire goblin']
2026-08-03 22:45:07 [pipeline] DEBUG JOB a38be9e6 ENRICH 277/301: 277_krask.md -> summary="The Krask is a flying creature that resembles a manta ray, w" keywords=['krask', 'flying', 'manta ray', 'sting', 'electric shock', 'color change', 'disorient', 'half damage from edged weapons']
2026-08-03 22:45:10 [pipeline] DEBUG JOB a38be9e6 ENRICH 278/301: 278_killer_bees.md -> summary="Killer Bees are swarms of oversized bees, each led by a Quee" keywords=['killer bees', 'swarm', 'queen bee', 'poison', 'strength drain', 'fright attack', 'immune to nonmagical weapons', 'medium-strength poison']
2026-08-03 22:45:17 [pipeline] DEBUG JOB a38be9e6 ENRICH 279/301: 279_malgash.md -> summary="This section provides statistics and special abilities for s" keywords=['malgash', 'manticore', 'mere-gaunt', 'minotaur', 'mordu', 'mummy', 'nargut']
2026-08-03 22:45:21 [pipeline] DEBUG JOB a38be9e6 ENRICH 280/301: 280_nargut.md -> summary="This section provides statistics and descriptions for variou" keywords=['monsters', 'demons', 'undead', 'fantasy', 'rpg', 'stats', 'descriptions']
2026-08-03 22:45:26 [pipeline] DEBUG JOB a38be9e6 ENRICH 281/301: 281_necrochor.md -> summary="This section provides statistics, abilities, and notes for v" keywords=['necrochor', 'okeman', 'nightmare', 'obsidiak', 'ogre', 'oni', 'orc', 'pazuzu']
2026-08-03 22:45:39 [pipeline] DEBUG JOB a38be9e6 ENRICH 282/301: 282_nightmare.md -> summary="This section of the Dragon Warriors RPG manual provides stat" keywords=['nightmare', 'necrochor', 'okeman', 'oni', 'obsidiak', 'orc', 'ogre', 'pazuzu']
2026-08-03 22:45:50 [pipeline] DEBUG JOB a38be9e6 ENRICH 283/301: 283_obsidiak.md -> summary="" keywords=[]
2026-08-03 22:46:02 [pipeline] DEBUG JOB a38be9e6 ENRICH 284/301: 284_pazuzu.md -> summary="Pazuzu are tall, wiry humanoid creatures with lion-like padd" keywords=['humanoid', 'winged', 'claws', 'flame breath', 'image', 'surprise', 'flying']
2026-08-03 22:46:09 [pipeline] DEBUG JOB a38be9e6 ENRICH 285/301: 285_python.md -> summary="This section details five monsters: Python, Phoenix, Rakshah" keywords=['python', 'phoenix', 'rakshah', 'sentinel crab', 'shadow walker']
2026-08-03 22:46:12 [pipeline] DEBUG JOB a38be9e6 ENRICH 286/301: 286_sentinel_crab.md -> summary="Sentinel crabs are large, dog-sized crabs domesticated by th" keywords=['sentinel crab', 'kappa', 'guard', 'fighter', 'domestic animal', 'pincer', 'rank 2']
2026-08-03 22:46:15 [pipeline] DEBUG JOB a38be9e6 ENRICH 287/301: 287_shadow_walker.md -> summary="Shadow Walkers are creatures from a half-world between Reali" keywords=['shadow walker', 'illusion', 'copy', 'appearance', 'shadow', 'half-world', 'reality', 'witness']
2026-08-03 22:46:18 [pipeline] DEBUG JOB a38be9e6 ENRICH 288/301: 288_skeleton_sphinx.md -> summary="This section of the Dragon Warriors RPG manual provides stat" keywords=['skeleton', 'sphinx', 'spectre', 'spider', 'spriggan', 'titan', 'demon', 'undead']
2026-08-03 22:46:20 [pipeline] DEBUG JOB a38be9e6 ENRICH 289/301: 289_tapestry_demon.md -> summary="Tapestry Demons are guardian creatures that appear as classi" keywords=['tapestry demon', 'guardian', 'poison', 'bite', 'low health', 'classical demon', 'three-dimensional']
2026-08-03 22:46:53 [pipeline] DEBUG JOB a38be9e6 ENRICH 290/301: 290_spriggan.md -> summary="" keywords=[]
2026-08-03 22:46:58 [pipeline] DEBUG JOB a38be9e6 ENRICH 291/301: 291_thorn_demons.md -> summary="Thorn demons are spindly, black, insectoid creatures whose l" keywords=['thorn demons', 'spindly', 'black', 'insectoid', 'thorns', 'briars', 'hide', 'pilfer', 'climb', 'curse', 'moonglow', 'weaken', 'illusion']
2026-08-03 22:47:02 [pipeline] DEBUG JOB a38be9e6 ENRICH 292/301: 292_the_sufiriad.md -> summary="This section details various monsters from a fantasy RPG, in" keywords=['tapestry demon', 'spriggan', 'thorn demon', 'sufiriad', 'sabre tooth tiger', 'titan', 'swamp folk', 'monsters']
2026-08-03 22:47:06 [pipeline] DEBUG JOB a38be9e6 ENRICH 293/301: 293_titan.md -> summary="This section describes various monsters from a fantasy RPG, " keywords=['tapestry demon', 'spriggan', 'thorn demon', 'sufiriad', 'tiger', 'swamp folk', 'titan']
2026-08-03 22:47:09 [pipeline] DEBUG JOB a38be9e6 ENRICH 294/301: 294_swamp_folk.md -> summary="Swamp folk are toad-headed, flesh-eating humanoids that lurk" keywords=['swamp folk', 'toad', 'flesh-eater', 'grapple', 'amphibious', 'stealth', 'rank 2']
2026-08-03 22:47:16 [pipeline] DEBUG JOB a38be9e6 ENRICH 295/301: 295_troll_wild_boar.md -> summary="This section provides game statistics and special abilities " keywords=['troll wild boar', 'water leaper', 'vampire', 'volucreth', 'undead', 'poison', 'magic resistance', 'vulnerabilities']
2026-08-03 22:47:19 [pipeline] DEBUG JOB a38be9e6 ENRICH 296/301: 296_vampire.md -> summary="Vampires are undead that resemble living beings, stalking th" keywords=['vampire', 'undead', 'blood', 'mesmerism', 'shape-shift', 'vulnerability', 'sunlight', 'ritual']
2026-08-03 22:47:21 [pipeline] DEBUG JOB a38be9e6 ENRICH 297/301: 297_volucreth.md -> summary="Volucreths are fearsome birdlike humanoids from tropical jun" keywords=['birdlike', 'humanoids', 'jungle', 'tropics', 'two-handed sword', 'mystic abilities', 'rank 1']
2026-08-03 22:47:27 [pipeline] DEBUG JOB a38be9e6 ENRICH 298/301: 298_wraith.md -> summary="Wraiths are undead spirits formed when a ghost haunts a plac" keywords=['wraith', 'undead', 'ghost', 'sorcery', 'cold fire', 'death spell', 'fright attack', 'magical weapons']
2026-08-03 22:47:29 [pipeline] DEBUG JOB a38be9e6 ENRICH 299/301: 299_white_lady.md -> summary="White Ladies are creatures from the demonic planes that take" keywords=['white lady', 'demonic planes', 'beautiful women', 'white samite', 'creatures']
2026-08-03 22:47:32 [pipeline] DEBUG JOB a38be9e6 ENRICH 300/301: 300_wight.md -> summary="Wights are ancient undead with spellcasting abilities, dwell" keywords=['wight', 'undead', 'spellcasting', 'burial-mound', 'strength drain', 'portal', 'mephitic breath', 'apparitions', 'raise fog']
2026-08-03 22:47:34 [pipeline] DEBUG JOB a38be9e6 ENRICH 301/301: 301_wolf_zombie.md -> summary="Wolf Zombies are the true walking corpses of legend and nigh" keywords=['wolf zombie', 'undead', 'walking corpse', 'zombie', 'low rank', 'monster']
2026-08-03 22:47:34 [pipeline] INFO JOB a38be9e6 STAGE 4 DONE: 300/301 sections enriched, 1227.3s
2026-08-03 22:47:34 [pipeline] INFO JOB a38be9e6 STAGE 5: building FTS5 index
2026-08-03 22:47:34 [pipeline] INFO JOB a38be9e6 STAGE 5 DONE: FTS5 index built, 0.6s
2026-08-03 22:47:34 [pipeline] INFO JOB a38be9e6 COMPLETE: doc=1aaecba1 title="DW-Rulebook-For-Web"
2026-08-03 22:49:09 [agent] INFO QUERY START: "how do I make a knight?" (history=0 turns)
2026-08-03 22:49:10 [agent] INFO   iter 1: fts_search({"query": "knight class"}) -> [{"path": "1aaecba1ffec496caf13dcaa903d7c6d/35_chapter_3.md", "title": "Chapter 3", "snippet": "...weapons; those who le... (1.0s)
2026-08-03 22:49:10 [agent] INFO   iter 1: fts_search({"query": "knight character creation"}) -> [{"path": "1aaecba1ffec496caf13dcaa903d7c6d/02_contents.md", "title": "CONTENTS", "snippet": "...23 Minimum requirements... (1.0s)
2026-08-03 22:49:16 [agent] INFO   iter 2: list_index({"path": "1aaecba1ffec496caf13dcaa903d7c6d"}) -> [{"title": "DRAGON WARRIORS", "summary": "", "path": "01_dragon_warriors/index.md"}, {"title": "CONTENTS", "summary": ""... (5.7s)
2026-08-03 22:49:18 [agent] INFO   iter 3: read_file({"path": "1aaecba1ffec496caf13dcaa903d7c6d/37_knights/index.md"}) -> (file not found: 1aaecba1ffec496caf13dcaa903d7c6d/37_knights/index.md)... (2.6s)
2026-08-03 22:49:18 [agent] INFO   iter 3: read_file({"path": "1aaecba1ffec496caf13dcaa903d7c6d/34_summary/index.md"}) -> (file not found: 1aaecba1ffec496caf13dcaa903d7c6d/34_summary/index.md)... (2.6s)
2026-08-03 22:49:18 [agent] INFO   iter 3: read_file({"path": "1aaecba1ffec496caf13dcaa903d7c6d/33_character_creation/index.md"}) -> (file not found: 1aaecba1ffec496caf13dcaa903d7c6d/33_character_creation/index.md)... (2.6s)
2026-08-03 22:49:22 [agent] INFO   iter 4: ls({"dir": "1aaecba1ffec496caf13dcaa903d7c6d"}) -> ["01_dragon_warriors.md", "02_contents.md", "03_chapter_1_fantasy_roleplay_13_weaponskill_27.md", "04_chapter_2_creating... (3.7s)
2026-08-03 22:49:24 [agent] INFO   iter 5: read_file({"path": "1aaecba1ffec496caf13dcaa903d7c6d/33_character_creation.md"}) -> --- summary: "This section details the character creation process for various classes in Dragon Warriors, including Knig... (1.8s)
2026-08-03 22:49:24 [agent] INFO   iter 5: read_file({"path": "1aaecba1ffec496caf13dcaa903d7c6d/37_knights.md"}) -> --- summary: "Knights are civilized warrior aristocrats with special abilities like tracking, armor expertise, and advan... (1.8s)
2026-08-03 22:49:24 [agent] INFO   iter 5: read_file({"path": "1aaecba1ffec496caf13dcaa903d7c6d/34_summary.md"}) -> --- summary: "This section details character creation for multiple classes in Dragon Warriors, including Knights, Barbar... (1.8s)
2026-08-03 22:49:40 [agent] INFO   iter 6: DONE called (16.1s)
2026-08-03 22:49:40 [agent] INFO QUERY DONE: "how do I make a knight?" -> "## How to Make a Knight in Dragon Warriors

**1. Roll Attributes** — Roll 3d6 for each: Strength, Re" (iters=6, cites=3, suggestions=3, 31.0s)
2026-08-03 22:53:36 [pipeline] INFO JOB b72e611c START doc=1aaecba1 user=1638caae pdf=original.pdf
2026-08-03 22:53:36 [pipeline] INFO JOB b72e611c STAGE 1: extracting text from original.pdf
2026-08-03 22:53:54 [pipeline] INFO JOB b72e611c STAGE 1 DONE: 258 pages, 0 OCR, 846507 chars, 17.1s
2026-08-03 22:53:54 [pipeline] WARNING JOB b72e611c COVER: failed to extract cover: cannot access local variable 'udata' where it is not associated with a value
2026-08-03 22:53:54 [pipeline] INFO JOB b72e611c STAGE 2: detecting structure
2026-08-03 22:53:54 [pipeline] INFO JOB b72e611c STAGE 2 DONE: 301 chapters, 301 nodes, 301 leaves, 0.0s
2026-08-03 22:53:54 [pipeline] INFO JOB b72e611c STAGE 3: writing markdown files
2026-08-03 22:53:54 [pipeline] INFO JOB b72e611c STAGE 3 DONE: 301 files written to data/1638caae/1aaecba1/, 0.0s
2026-08-03 22:53:54 [pipeline] INFO JOB b72e611c STAGE 4: enriching 301 sections
2026-08-03 22:53:55 [pipeline] DEBUG JOB b72e611c ENRICH 1/301: 01_dragon_warriors.md -> summary="Dragon Warriors is a classic British fantasy role-playing ga" keywords=['dragon warriors', 'fantasy role-playing', 'character creation', 'fighters', 'wizards', 'knights', 'barbarians', 'sorcerers']
2026-08-03 22:53:57 [pipeline] DEBUG JOB b72e611c ENRICH 2/301: 02_contents.md -> summary="This section of the Dragon Warriors RPG manual outlines the " keywords=['dragon warriors', 'fantasy roleplay', 'character creation', 'fighters', 'wizards', 'swordmaster', 'barbarian', 'sorcerer']
2026-08-03 22:54:00 [pipeline] DEBUG JOB b72e611c ENRICH 3/301: 03_chapter_1_fantasy_roleplay_13_weaponskill_27.md -> summary="This is the table of contents for the Dragon Warriors RPG ma" keywords=['dragon warriors', 'fantasy roleplay', 'character creation', 'fighters', 'knights', 'barbarians', 'wizards', 'sorcerers']
2026-08-03 22:54:02 [pipeline] DEBUG JOB b72e611c ENRICH 4/301: 04_chapter_2_creating_a_character_17_barbarians_and_armour_28.md -> summary="This section from the Dragon Warriors RPG manual covers char" keywords=['dragon warriors', 'character creation', 'barbarians', 'knights', 'wizards', 'sorcerers', 'mystics', 'armour']
2026-08-03 22:54:05 [pipeline] DEBUG JOB b72e611c ENRICH 5/301: 05_chapter_3_the_fighters_25_mystics_and_armour_33.md -> summary="This is a table of contents for the Dragon Warriors RPG manu" keywords=['dragon warriors', 'fantasy roleplaying', 'character classes', 'combat rules', 'magic system', 'assassins', 'adventuring']
2026-08-03 22:54:07 [pipeline] DEBUG JOB b72e611c ENRICH 6/301: 06_chapter_5_assassins_41_climbing_63.md -> summary="This section covers character classes such as Assassins and " keywords=['assassins', 'warlocks', 'climbing', 'combat', 'magic', 'stealth', 'skills', 'adventuring']
2026-08-03 22:54:09 [pipeline] DEBUG JOB b72e611c ENRICH 7/301: 07_chapter_6_in_the_beginning_50_terminating_a_spell_74.md -> summary="This section details character classes (Assassins, Warlocks," keywords=['assassins', 'magic', 'combat', 'spells', 'game mastering', 'rewards', 'items', 'lands']
2026-08-03 22:54:11 [pipeline] DEBUG JOB b72e611c ENRICH 8/301: 08_chapter_12.md -> summary="This section of the Dragon Warriors RPG manual covers spell " keywords=['spells', 'rewards', 'adventuring', 'experience points', 'renown', 'treasure', 'game mastering', 'non-player characters', 'equipment', 'magic items', 'lands', 'dragon warriors']
2026-08-03 22:54:15 [pipeline] DEBUG JOB b72e611c ENRICH 9/301: 09_chapter_10_the_book_of_spells_79_npc_weapons_and_equipment_133.md -> summary="This section of the Dragon Warriors RPG manual covers spellc" keywords=['spells', 'sorcerer', 'mystic', 'elementalist', 'warlock', 'gamesmastering', 'equipment', 'lands of legend']
2026-08-03 22:54:17 [pipeline] DEBUG JOB b72e611c ENRICH 10/301: 10_chapter_11_gamesmastering_115_enchanted_armour_138.md -> summary="This section of the Dragon Warriors RPG manual covers chapte" keywords=['spells', 'gamesmastering', 'enchanted armour', 'scrolls', 'potions', 'lands of legend', 'lore', 'travel']
2026-08-03 22:54:19 [pipeline] DEBUG JOB b72e611c ENRICH 11/301: 11_chapter_15_the_lore_of_legend_169_witnesses_191.md -> summary="This section outlines chapters 15-18 of an RPG manual, cover" keywords=['lore', 'legend', 'court', 'witnesses', 'campaign setting', 'travel', 'hazards', 'rules']
2026-08-03 22:54:25 [pipeline] DEBUG JOB b72e611c ENRICH 12/301: 12_chapter_16_roman_britain_206.md -> summary="This is a table of contents for the Dragon Warriors RPG manu" keywords=['dragon warriors', 'table of contents', 'roman britain', 'monsters', 'magic', 'adventure', 'rules', 'campaign']
2026-08-03 22:54:28 [pipeline] DEBUG JOB b72e611c ENRICH 13/301: 13_chapter_19_dracomen_240_necrochor_248.md -> summary="This section covers Chapter 19: Dracomen and Necrochor, and " keywords=['dracomen', 'necrochor', 'hellion', 'monsters', 'legend', 'dragon warriors', 'adventure']
2026-08-03 22:54:30 [pipeline] DEBUG JOB b72e611c ENRICH 14/301: 14_chapter_20_hellion_244_titan_251.md -> summary="This section discusses the essence of Dragon Warriors, empha" keywords=['dragon warriors', 'legend', 'flavor', 'dark', 'spooky', 'medieval', 'folklore', 'human emotion']
2026-08-03 22:54:32 [pipeline] DEBUG JOB b72e611c ENRICH 15/301: 15_introdu_ction.md -> summary="Dragon Warriors emphasizes a dark, folkloric fantasy flavor " keywords=['flavour', 'dark', 'spooky', 'magical', 'european folktale', 'human emotion', 'rare creatures', 'grim']
2026-08-03 22:54:35 [pipeline] DEBUG JOB b72e611c ENRICH 16/301: 16_chapter_1.md -> summary="This section introduces fantasy roleplaying games, where pla" keywords=['fantasy roleplaying', 'gamesmaster', 'non-player characters', 'computer rpgs', 'adventure rules', 'player characters', 'imagination']
2026-08-03 22:54:36 [pipeline] DEBUG JOB b72e611c ENRICH 17/301: 17_fantasy.md -> summary="This section introduces fantasy roleplaying games (FRPs) as " keywords=['fantasy roleplaying', 'gamesmaster', 'non-player characters', 'imagination', 'computer rpgs', 'adventure rules', 'dragon warriors']
2026-08-03 22:54:42 [pipeline] DEBUG JOB b72e611c ENRICH 18/301: 18_roleplay.md -> summary="This section introduces fantasy roleplaying games, explainin" keywords=['fantasy roleplaying', 'gamesmaster', 'dice', 'character creation', 'roleplaying', 'campaign', 'dragon warriors']
2026-08-03 22:54:43 [pipeline] DEBUG JOB b72e611c ENRICH 19/301: 19_chapter_2.md -> summary="This chapter guides players through creating a character for" keywords=['character creation', 'roleplaying', 'personality', 'background', 'fantasy', 'adventure', 'dragon warriors', 'lands of legend']
2026-08-03 22:54:45 [pipeline] DEBUG JOB b72e611c ENRICH 20/301: 20_creating.md -> summary="This section introduces character creation for Dragon Warrio" keywords=['character creation', 'roleplaying', 'personality', 'background', 'attitudes', 'dragon warriors']
2026-08-03 22:54:47 [pipeline] DEBUG JOB b72e611c ENRICH 21/301: 21_a_character.md -> summary="This section explains the process of creating a character fo" keywords=['character creation', 'roleplaying', 'characteristics', 'strength', 'reflexes', 'intelligence', 'psychic talent', 'looks', 'professions']
2026-08-03 22:54:49 [pipeline] DEBUG JOB b72e611c ENRICH 22/301: 22_choosing_a.md -> summary="This section explains how to create a character in Dragon Wa" keywords=['character creation', 'characteristics', 'professions', 'dragon warriors', '3d6', 'background', 'hopeless characters']
2026-08-03 22:54:53 [pipeline] DEBUG JOB b72e611c ENRICH 23/301: 23_profession.md -> summary="This section explains how to create a character in Dragon Wa" keywords=['characteristics', 'professions', 'health points', 'combat factors', 'strength', 'reflexes', 'intelligence', 'psychic talent']
2026-08-03 22:54:54 [pipeline] DEBUG JOB b72e611c ENRICH 24/301: 24_health_points.md -> summary="Health Points (HP) represent a character's robustness; they " keywords=['health points', 'hp', 'unconscious', 'death', 'recuperation', 'starting hp', 'classes', 'combat']
2026-08-03 22:54:56 [pipeline] DEBUG JOB b72e611c ENRICH 25/301: 25_the_combat_factors.md -> summary="This section explains how to determine a character's Health " keywords=['health points', 'attack', 'defence', 'magical attack', 'magical defence', 'evasion', 'profession', 'characteristics']
2026-08-03 22:54:59 [pipeline] DEBUG JOB b72e611c ENRICH 26/301: 26_magical_combat.md -> summary="This section explains how to determine a character's magical" keywords=['magical attack', 'magical defence', 'evasion', 'character class', 'intelligence', 'psychic talent', 'combat factors']
2026-08-03 22:55:00 [pipeline] DEBUG JOB b72e611c ENRICH 27/301: 27_factors.md -> summary="This section explains how to calculate a character's magical" keywords=['magical attack', 'magical defence', 'evasion', 'character creation', 'class', 'characteristic scores', 'modifiers']
2026-08-03 22:55:02 [pipeline] DEBUG JOB b72e611c ENRICH 28/301: 28_dodging.md -> summary="Dodging is represented by an evasion score that varies by pr" keywords=['dodging', 'evasion', 'reflexes', 'profession', 'character creation', 'combat']
2026-08-03 22:55:04 [pipeline] DEBUG JOB b72e611c ENRICH 29/301: 29_stealth_and.md -> summary="This section explains stealth and perception scores for diff" keywords=['stealth', 'perception', 'assassins', 'mystics', 'knights', 'barbarians', 'reflexes', 'psychic talent']
2026-08-03 22:55:07 [pipeline] DEBUG JOB b72e611c ENRICH 30/301: 30_perception.md -> summary="This section explains stealth and perception scores for diff" keywords=['stealth', 'perception', 'rank', 'equipment', 'character sheet', 'professions', 'reflexes', 'psychic talent']
2026-08-03 22:55:09 [pipeline] DEBUG JOB b72e611c ENRICH 31/301: 31_background.md -> summary="This section covers stealth and perception scores, character" keywords=['stealth', 'perception', 'rank', 'experience', 'initial equipment', 'character class', 'dragon warriors', 'character creation']
2026-08-03 22:55:10 [pipeline] DEBUG JOB b72e611c ENRICH 32/301: 32_character_sheet.md -> summary="This section details the final steps of character creation i" keywords=['character creation', 'stealth', 'perception', 'rank', 'equipment', 'encumbrance', 'knight', 'example']
2026-08-03 22:55:12 [pipeline] DEBUG JOB b72e611c ENRICH 33/301: 33_character_creation.md -> summary="This section details character creation for Dragon Warriors," keywords=['character creation', 'knights', 'barbarians', 'sorcerers', 'mystics', 'elementalists', 'warlocks', 'assassins']
2026-08-03 22:55:15 [pipeline] DEBUG JOB b72e611c ENRICH 34/301: 34_summary.md -> summary="This section details character creation for the Dragon Warri" keywords=['dragon warriors', 'character creation', 'knights', 'barbarians', 'sorcerers', 'mystics', 'elementalists', 'warlocks', 'assassins']
2026-08-03 22:55:17 [pipeline] DEBUG JOB b72e611c ENRICH 35/301: 35_chapter_3.md -> summary="The chapter describes two main fighter classes in Dragon War" keywords=['knights', 'barbarians', 'fighters', 'combat', 'chivalry', 'instinct', 'warfare', 'adventuring party']
2026-08-03 22:55:19 [pipeline] DEBUG JOB b72e611c ENRICH 36/301: 36_fighters.md -> summary="This section describes the two main fighter classes in Drago" keywords=['fighters', 'knights', 'barbarians', 'combat', 'chivalry', 'warrior', 'tactical', 'savagery']
2026-08-03 22:55:22 [pipeline] DEBUG JOB b72e611c ENRICH 37/301: 37_knights.md -> summary="The manual describes Knights as civilized warrior aristocrat" keywords=['knights', 'barbarians', 'combat', 'chivalric code', 'special abilities', 'track', 'berserk', 'armour expert']
2026-08-03 22:55:24 [pipeline] DEBUG JOB b72e611c ENRICH 38/301: 38_barbarians.md -> summary="Barbarians are warriors from harsh lands with a code of hono" keywords=['barbarians', 'track', 'berserk', 'ride warhorse', 'bloodrage', 'expert parry', 'main gauche', 'swordmaster']
2026-08-03 22:55:26 [pipeline] DEBUG JOB b72e611c ENRICH 39/301: 39_1_the_secondary_weapon_may_be_used_as_a_guard.md -> summary="This section describes various combat skills and special abi" keywords=['main gauche', 'expert parry', 'master bowman', 'quick draw', 'swordmaster', 'barbarian', 'berserk', 'track']
2026-08-03 22:55:29 [pipeline] DEBUG JOB b72e611c ENRICH 40/301: 40_2_the_character_can_strike_with_both_weapons_at_once.md -> summary="This section details character classes and skills in Dragon " keywords=['barbarian', 'bloodrage', 'critical hit', 'knight', 'main gauche', 'mystic', 'sorcerer', 'weaponskill']
2026-08-03 22:55:30 [pipeline] DEBUG JOB b72e611c ENRICH 41/301: 41_chapter_4.md -> summary="This chapter introduces four wizardly professions in the Dra" keywords=['wizards', 'sorcerers', 'elementalists', 'mystics', 'warlocks', 'magic points', 'fatigue', 'spell groups']
2026-08-03 22:55:34 [pipeline] DEBUG JOB b72e611c ENRICH 42/301: 42_wizards.md -> summary="This section introduces the four wizardly professions in Dra" keywords=['wizards', 'sorcerers', 'elementalists', 'mystics', 'warlocks', 'magic points', 'fatigue', 'calligraphy', 'alchemy']
2026-08-03 22:55:36 [pipeline] DEBUG JOB b72e611c ENRICH 43/301: 43_chapter_9_the_use_of_magic_for_full_details_of_sor.md -> summary="This section details the abilities of Sorcerers, including t" keywords=['sorcerers', 'mystics', 'calligraphy', 'alchemy', 'artifice', 'wands', 'spell mastery', 'psychic talent']
2026-08-03 22:55:39 [pipeline] DEBUG JOB b72e611c ENRICH 44/301: 44_mystics.md -> summary="Mystics are practitioners of mind magic who rely on psychic " keywords=['mystics', 'premonition', 'esp', 'enchantment', 'adepthood', 'spell mastery', 'psychic talent', 'mind powers']
2026-08-03 22:55:43 [pipeline] DEBUG JOB b72e611c ENRICH 45/301: 45_elementalists.md -> summary="Elementalists are shamans who harness elemental powers, choo" keywords=['elementalist', 'warlock', 'shaman', 'fighter-mage', 'elemental magic', 'weapon groups', 'raw power', 'resistance']
2026-08-03 22:55:46 [pipeline] DEBUG JOB b72e611c ENRICH 46/301: 46_chapter_10_the_book_of_spells_rank_he_chooses_two_weapon_groups_from_among.md -> summary="Warlocks are fighter-mages who combine sword and sorcery, sp" keywords=['warlocks', 'fighter-mages', 'minimum requirements', 'intelligence', 'psychic talent', 'weapon groups', 'simultaneous casting', 'armour']
2026-08-03 22:55:48 [pipeline] DEBUG JOB b72e611c ENRICH 47/301: 47_warlocks.md -> summary="Warlocks are fighter-mages who combine sword and sorcery, sp" keywords=['warlocks', 'fighter-mages', 'weapon groups', 'simultaneous casting', 'armor', 'enchantment', 'special abilities', 'arrow cutting']
2026-08-03 22:55:49 [pipeline] DEBUG JOB b72e611c ENRICH 48/301: 48_chapter_5.md -> summary="Assassins in Dragon Warriors are stealthy killers who use cu" keywords=['assassins', 'shadow warriors', 'stealth', 'cunning', 'minimum requirements', 'armor penalties']
2026-08-03 22:55:51 [pipeline] DEBUG JOB b72e611c ENRICH 49/301: 49_the_shadow.md -> summary="The Assassin profession in Dragon Warriors is a rare, cunnin" keywords=['assassin', 'stealth', 'trickery', 'poison', 'cunning', 'guile', 'minimum requirements', 'armour penalties']
2026-08-03 22:55:54 [pipeline] DEBUG JOB b72e611c ENRICH 50/301: 50_warriors.md -> summary="Assassins are stealthy, cunning warriors who use stealth, co" keywords=['assassins', 'stealth', 'combat techniques', 'mental techniques', 'alchemy', 'skills', 'deathvow', 'shock attack']
2026-08-03 22:55:55 [pipeline] DEBUG JOB b72e611c ENRICH 51/301: 51_chapter_6.md -> summary="This chapter provides methods for generating player-characte" keywords=['character background', 'social class', 'dice tables', 'life history', 'player-character', 'gamesmaster', 'campaign balance']
2026-08-03 22:55:57 [pipeline] DEBUG JOB b72e611c ENRICH 52/301: 52_in_the.md -> summary="This chapter provides a system for generating player-charact" keywords=['character background', 'life history', 'social class', 'dice rolls', 'gamesmaster', 'campaign balance', 'feudal society', 'npc generation']
2026-08-03 22:55:59 [pipeline] DEBUG JOB b72e611c ENRICH 53/301: 53_beginning.md -> summary="This chapter provides tables and rules for generating a char" keywords=['background', 'social class', 'character creation', 'provenance', 'languages', 'literacy', 'tables', 'dragon warriors']
2026-08-03 22:56:02 [pipeline] DEBUG JOB b72e611c ENRICH 54/301: 54_chapter_7.md -> summary="This chapter advises players on adventuring strategy, emphas" keywords=['adventure strategy', 'information gathering', 'npc adventurers', 'hirelings', 'fellow adventurers', 'flexibility', 'unexpected twists']
2026-08-03 22:56:04 [pipeline] DEBUG JOB b72e611c ENRICH 55/301: 55_adventure.md -> summary="This section covers adventure strategy, including player bri" keywords=['adventure strategy', 'npc adventurers', 'illumination', 'underworld encounters', 'battle order', 'stealth', 'perception', 'combat rules']
2026-08-03 22:56:06 [pipeline] DEBUG JOB b72e611c ENRICH 56/301: 56_chapter_8.md -> summary="Combat in Dragon Warriors involves hit rolls (1d20, comparin" keywords=['hit roll', 'armour bypass roll', 'combat round', 'defence score', 'attack score', 'armour factor', 'critical hit', 'health points']
2026-08-03 22:56:06 [agent] INFO QUERY START: "What is AC?" (history=0 turns)
2026-08-03 22:56:06 [agent] INFO   iter 1: DONE called (0.0s)
2026-08-03 22:56:06 [agent] INFO QUERY DONE: "What is AC?" -> "AC is 15." (iters=1, cites=1, suggestions=0, 0.0s)
2026-08-03 22:56:06 [agent] INFO QUERY START: "Find goblin stats" (history=0 turns)
2026-08-03 22:56:06 [agent] INFO   iter 1: fts_search({"query": "goblin"}) -> [{"path": "x.md", "title": "Goblin", "snippet": "AC 15"}]... (0.0s)
2026-08-03 22:56:06 [agent] INFO   iter 2: DONE called (0.0s)
2026-08-03 22:56:06 [agent] INFO QUERY DONE: "Find goblin stats" -> "Found goblin." (iters=2, cites=0, suggestions=0, 0.0s)
2026-08-03 22:56:06 [agent] INFO QUERY START: "loop forever" (history=0 turns)
2026-08-03 22:56:06 [agent] INFO   iter 1: fts_search({"query": "x"}) -> []... (0.0s)
2026-08-03 22:56:06 [agent] INFO   iter 2: fts_search({"query": "x"}) -> []... (0.0s)
2026-08-03 22:56:06 [agent] INFO   iter 3: fts_search({"query": "x"}) -> []... (0.0s)
2026-08-03 22:56:06 [agent] WARNING QUERY BUDGET EXHAUSTED: "loop forever" (iters=3, 0.0s)
2026-08-03 22:56:08 [pipeline] DEBUG JOB b72e611c ENRICH 57/301: 57_the_rules.md -> summary="Combat in Dragon Warriors involves hit rolls (1d20) comparin" keywords=['combat', 'hit roll', 'armour bypass', 'health points', 'attack score', 'defence score', 'critical hit', 'combat round']
2026-08-03 22:56:09 [pipeline] DEBUG JOB b72e611c ENRICH 58/301: 58_of_combat.md -> summary="Combat in Dragon Warriors involves a hit roll (1d20, compari" keywords=['combat', 'hit roll', 'armour bypass roll', 'attack score', 'defence score', 'armour factor', 'health points', 'critical hit']
2026-08-03 22:56:10 [pipeline] INFO JOB 6dc9916a START doc=97b7c79e user=c5f42bf8 pdf=original.pdf
2026-08-03 22:56:10 [pipeline] INFO JOB 6dc9916a STAGE 1: extracting text from original.pdf
2026-08-03 22:56:10 [pipeline] INFO JOB 6dc9916a STAGE 1 DONE: 1 pages, 0 OCR, 46 chars, 0.1s
2026-08-03 22:56:10 [pipeline] INFO JOB 6dc9916a COVER: extracted cover.jpg
2026-08-03 22:56:10 [pipeline] INFO JOB 6dc9916a STAGE 2: detecting structure
2026-08-03 22:56:10 [pipeline] INFO JOB 6dc9916a STAGE 2 DONE: 1 chapters, 1 nodes, 1 leaves, 0.0s
2026-08-03 22:56:10 [pipeline] INFO JOB 6dc9916a STAGE 3: writing markdown files
2026-08-03 22:56:10 [pipeline] INFO JOB 6dc9916a STAGE 3 DONE: 1 files written to data/c5f42bf8/97b7c79e/, 0.0s
2026-08-03 22:56:10 [pipeline] INFO JOB 6dc9916a STAGE 4: enriching 1 sections
2026-08-03 22:56:10 [pipeline] DEBUG JOB 6dc9916a ENRICH 1/1: 01_chapter_1_monsterscid10goblins_have_ac_15.md -> summary="Monster rules." keywords=['monster']
2026-08-03 22:56:10 [pipeline] INFO JOB 6dc9916a STAGE 4 DONE: 1/1 sections enriched, 0.0s
2026-08-03 22:56:10 [pipeline] INFO JOB 6dc9916a STAGE 5: building FTS5 index
2026-08-03 22:56:10 [pipeline] INFO JOB 6dc9916a STAGE 5 DONE: FTS5 index built, 0.0s
2026-08-03 22:56:10 [pipeline] INFO JOB 6dc9916a COMPLETE: doc=97b7c79e title="book"
2026-08-03 22:56:10 [pipeline] INFO JOB 42d6f7e3 START doc=repro_do user=3d060bca pdf=original.pdf
2026-08-03 22:56:10 [pipeline] INFO JOB 42d6f7e3 STAGE 1: extracting text from original.pdf
2026-08-03 22:56:10 [pipeline] INFO JOB 42d6f7e3 STAGE 1 DONE: 1 pages, 0 OCR, 44 chars, 0.1s
2026-08-03 22:56:10 [pipeline] INFO JOB 42d6f7e3 COVER: extracted cover.jpg
2026-08-03 22:56:10 [pipeline] INFO JOB 42d6f7e3 STAGE 2: detecting structure
2026-08-03 22:56:10 [pipeline] INFO JOB 42d6f7e3 STAGE 2 DONE: 1 chapters, 1 nodes, 1 leaves, 0.0s
2026-08-03 22:56:10 [pipeline] INFO JOB 42d6f7e3 STAGE 3: writing markdown files
2026-08-03 22:56:10 [pipeline] INFO JOB 42d6f7e3 STAGE 3 DONE: 1 files written to data/3d060bca/repro_do/, 0.0s
2026-08-03 22:56:10 [pipeline] INFO JOB 42d6f7e3 STAGE 4: enriching 1 sections
2026-08-03 22:56:10 [pipeline] DEBUG JOB 42d6f7e3 ENRICH 1/1: 01_chapter_1_combatcid10goblins_have_ac_15.md -> summary="Reprocessed." keywords=['combat']
2026-08-03 22:56:10 [pipeline] INFO JOB 42d6f7e3 STAGE 4 DONE: 1/1 sections enriched, 0.0s
2026-08-03 22:56:10 [pipeline] INFO JOB 42d6f7e3 STAGE 5: building FTS5 index
2026-08-03 22:56:10 [pipeline] INFO JOB 42d6f7e3 STAGE 5 DONE: FTS5 index built, 0.0s
2026-08-03 22:56:10 [pipeline] INFO JOB 42d6f7e3 COMPLETE: doc=repro_do title="Repro Book"
2026-08-03 22:56:10 [pipeline] INFO JOB e124dae0 START doc=bad_doc user=d3baddd0 pdf=bad.pdf
2026-08-03 22:56:10 [pipeline] INFO JOB e124dae0 STAGE 1: extracting text from bad.pdf
2026-08-03 22:56:10 [pipeline] ERROR JOB e124dae0 FAILED: doc=bad_doc error=Stream has ended unexpectedly
2026-08-03 22:56:10 [agent] INFO QUERY START: "What is AC?" (history=0 turns)
2026-08-03 22:56:11 [pipeline] DEBUG JOB b72e611c ENRICH 59/301: 59_1_the_attacker_rolls_1d20_to_determine_whether_he_hits.md -> summary="Combat involves a hit roll (1d20, with automatic miss on 20 " keywords=['hit roll', 'armour bypass roll', 'critical hit', 'armour factor', 'combat round', 'health points', 'damage rating']
2026-08-03 22:56:11 [pipeline] INFO JOB 7aa344f4 START doc=bc9ffed6 user=1e988f45 pdf=original.pdf
2026-08-03 22:56:11 [pipeline] INFO JOB 7aa344f4 STAGE 1: extracting text from original.pdf
2026-08-03 22:56:12 [pipeline] INFO JOB 7aa344f4 STAGE 1 DONE: 2 pages, 0 OCR, 71 chars, 0.0s
2026-08-03 22:56:12 [pipeline] INFO JOB 7aa344f4 COVER: extracted cover.jpg
2026-08-03 22:56:12 [pipeline] INFO JOB 7aa344f4 STAGE 2: detecting structure
2026-08-03 22:56:12 [pipeline] INFO JOB 7aa344f4 STAGE 2 DONE: 1 chapters, 1 nodes, 1 leaves, 0.0s
2026-08-03 22:56:12 [pipeline] INFO JOB 7aa344f4 STAGE 3: writing markdown files
2026-08-03 22:56:12 [pipeline] INFO JOB 7aa344f4 STAGE 3 DONE: 1 files written to data/1e988f45/bc9ffed6/, 0.0s
2026-08-03 22:56:12 [pipeline] INFO JOB 7aa344f4 STAGE 4: enriching 1 sections
2026-08-03 22:56:12 [pipeline] DEBUG JOB 7aa344f4 ENRICH 1/1: 01_chapter_1_combat.md -> summary="Combat rules for goblins." keywords=['goblin', 'combat', 'AC']
2026-08-03 22:56:12 [pipeline] INFO JOB 7aa344f4 STAGE 4 DONE: 1/1 sections enriched, 0.0s
2026-08-03 22:56:12 [pipeline] INFO JOB 7aa344f4 STAGE 5: building FTS5 index
2026-08-03 22:56:12 [pipeline] INFO JOB 7aa344f4 STAGE 5 DONE: FTS5 index built, 0.0s
2026-08-03 22:56:12 [pipeline] INFO JOB 7aa344f4 COMPLETE: doc=bc9ffed6 title="combat"
2026-08-03 22:56:12 [pipeline] INFO JOB 4e40c920 START doc=d1 user=alice pdf=test.pdf
2026-08-03 22:56:12 [pipeline] INFO JOB 4e40c920 STAGE 1: extracting text from test.pdf
2026-08-03 22:56:12 [pipeline] INFO JOB 4e40c920 STAGE 1 DONE: 1 pages, 0 OCR, 46 chars, 0.0s
2026-08-03 22:56:12 [pipeline] WARNING JOB 4e40c920 COVER: failed to extract cover: [Errno 2] No such file or directory: '/tmp/pytest-of-jason/pytest-179/test_runner_end_to_end0/data/alice/d1/cover.jpg'
2026-08-03 22:56:12 [pipeline] INFO JOB 4e40c920 STAGE 2: detecting structure
2026-08-03 22:56:12 [pipeline] INFO JOB 4e40c920 STAGE 2 DONE: 1 chapters, 1 nodes, 1 leaves, 0.0s
2026-08-03 22:56:12 [pipeline] INFO JOB 4e40c920 STAGE 3: writing markdown files
2026-08-03 22:56:12 [pipeline] INFO JOB 4e40c920 STAGE 3 DONE: 1 files written to data/alice/d1/, 0.0s
2026-08-03 22:56:12 [pipeline] INFO JOB 4e40c920 STAGE 4: enriching 1 sections
2026-08-03 22:56:12 [pipeline] DEBUG JOB 4e40c920 ENRICH 1/1: 01_chapter_1_combat.md -> summary="Combat rules." keywords=['combat', 'goblin']
2026-08-03 22:56:12 [pipeline] INFO JOB 4e40c920 STAGE 4 DONE: 1/1 sections enriched, 0.0s
2026-08-03 22:56:12 [pipeline] INFO JOB 4e40c920 STAGE 5: building FTS5 index
2026-08-03 22:56:12 [pipeline] INFO JOB 4e40c920 STAGE 5 DONE: FTS5 index built, 0.0s
2026-08-03 22:56:12 [pipeline] INFO JOB 4e40c920 COMPLETE: doc=d1 title="Test Book"
2026-08-03 22:56:12 [pipeline] INFO JOB 1daf34e4 START doc=d1 user=alice pdf=bad.pdf
2026-08-03 22:56:12 [pipeline] INFO JOB 1daf34e4 STAGE 1: extracting text from bad.pdf
2026-08-03 22:56:12 [pipeline] ERROR JOB 1daf34e4 FAILED: doc=d1 error=Stream has ended unexpectedly
2026-08-03 22:56:12 [pipeline] DEBUG JOB b72e611c ENRICH 60/301: 60_2_if_an_attacker_scores_a_hit_he_rolls_to_see_whether_the_armour_type_armour_factor.md -> summary="Combat involves a hit roll (1d20 vs. attack minus defense), " keywords=['hit roll', 'armour bypass roll', 'armour factor', 'critical hit', 'combat round', 'health points', 'damage']
2026-08-03 22:56:15 [pipeline] DEBUG JOB b72e611c ENRICH 61/301: 61_3_a_blow_which_gets_through_armour_inflicts_a_wound_mail_hauberk_3.md -> summary="This section details the fundamental rules of combat, includ" keywords=['combat', 'hit roll', 'armour bypass', 'damage', 'movement', 'critical hit', 'weapons', 'shields']
2026-08-03 22:56:17 [pipeline] DEBUG JOB b72e611c ENRICH 62/301: 62_chapter_9.md -> summary="This chapter explains the use of magic in the Lands of Legen" keywords=['magic', 'sorcerer', 'warlock', 'elementalist', 'mystic', 'magic points', 'spell levels', 'incantation']
2026-08-03 22:56:18 [pipeline] DEBUG JOB b72e611c ENRICH 63/301: 63_the_use.md -> summary="Magic is uncommon in the Lands of Legend, and casting spells" keywords=['magic', 'spells', 'magic points', 'sorcerer', 'elementalist', 'warlock', 'mystic', 'rank']
2026-08-03 22:56:20 [pipeline] DEBUG JOB b72e611c ENRICH 64/301: 64_of_magic.md -> summary="This section explains how magic works for different classes " keywords=['magic', 'spells', 'magic points', 'sorcerer', 'mystic', 'elementalist', 'psychic fatigue', 'spell level']
2026-08-03 22:56:23 [pipeline] DEBUG JOB b72e611c ENRICH 65/301: 65_18_caedmon_now_cannot_cast_spells_until_the_following.md -> summary="This section details the mechanics of magic in Dragon Warrio" keywords=['mystics', 'psychic fatigue', 'spell expiry roll', 'elementalists', 'warlocks', 'magic points', 'direct-attack', 'indirect-attack', 'spell failure', 'armour']
2026-08-03 22:56:25 [pipeline] DEBUG JOB b72e611c ENRICH 66/301: 66_chapter_10.md -> summary="This section lists all spells usable by Sorcerers, organized" keywords=['sorcerer', 'spells', 'level', 'magic points', 'rank', 'index']
2026-08-03 22:56:28 [pipeline] DEBUG JOB b72e611c ENRICH 67/301: 67_the_book.md -> summary="This section lists all spells available to Sorcerers, organi" keywords=['sorcerer', 'spells', 'level', 'magic points', 'rank', 'index']
2026-08-03 22:56:43 [pipeline] INFO JOB ee619f53 START doc=1aaecba1 user=1638caae pdf=original.pdf
2026-08-03 22:56:43 [pipeline] INFO JOB ee619f53 STAGE 1: extracting text from original.pdf
2026-08-03 22:56:59 [pipeline] INFO JOB ee619f53 STAGE 1 DONE: 258 pages, 0 OCR, 846507 chars, 16.2s
2026-08-03 22:56:59 [pipeline] INFO JOB ee619f53 COVER: extracted cover.jpg
2026-08-03 22:56:59 [pipeline] INFO JOB ee619f53 STAGE 2: detecting structure
2026-08-03 22:56:59 [pipeline] INFO JOB ee619f53 STAGE 2 DONE: 301 chapters, 301 nodes, 301 leaves, 0.0s
2026-08-03 22:56:59 [pipeline] INFO JOB ee619f53 STAGE 3: writing markdown files
2026-08-03 22:56:59 [pipeline] INFO JOB ee619f53 STAGE 3 DONE: 301 files written to data/1638caae/1aaecba1/, 0.0s
2026-08-03 22:56:59 [pipeline] INFO JOB ee619f53 STAGE 4: enriching 301 sections
2026-08-03 22:57:01 [pipeline] DEBUG JOB ee619f53 ENRICH 1/301: 01_dragon_warriors.md -> summary="This is the introductory section of the Dragon Warriors fant" keywords=['dragon warriors', 'fantasy role-playing', 'character creation', 'fighters', 'wizards', 'knights', 'barbarians', 'sorcerers']
2026-08-03 22:57:04 [pipeline] DEBUG JOB ee619f53 ENRICH 2/301: 02_contents.md -> summary="This is the table of contents for the Dragon Warriors RPG ma" keywords=['dragon warriors', 'fantasy roleplay', 'character creation', 'fighters', 'wizards', 'knights', 'barbarians', 'sorcerers']
2026-08-03 22:57:06 [pipeline] DEBUG JOB ee619f53 ENRICH 3/301: 03_chapter_1_fantasy_roleplay_13_weaponskill_27.md -> summary="This is the table of contents for the Dragon Warriors RPG ma" keywords=['dragon warriors', 'fantasy roleplay', 'character creation', 'fighters', 'wizards', 'weaponskill', 'barbarians', 'sorcerers']
2026-08-03 22:57:08 [pipeline] DEBUG JOB ee619f53 ENRICH 4/301: 04_chapter_2_creating_a_character_17_barbarians_and_armour_28.md -> summary="This section outlines the process of creating a character in" keywords=['character creation', 'barbarians', 'professions', 'combat factors', 'special abilities', 'armour', 'dragon warriors']
2026-08-03 22:57:11 [pipeline] DEBUG JOB ee619f53 ENRICH 5/301: 05_chapter_3_the_fighters_25_mystics_and_armour_33.md -> summary="This is a table of contents for the Dragon Warriors RPG, lis" keywords=['dragon warriors', 'table of contents', 'fighters', 'mystics', 'wizards', 'assassins', 'combat', 'magic', 'character creation']
2026-08-03 22:57:13 [pipeline] DEBUG JOB ee619f53 ENRICH 6/301: 06_chapter_5_assassins_41_climbing_63.md -> summary="This section outlines the rules for Assassins and Warlocks, " keywords=['assassins', 'warlocks', 'climbing', 'stealth', 'combat', 'magic', 'skills', 'adventuring']
2026-08-03 22:57:16 [pipeline] DEBUG JOB ee619f53 ENRICH 7/301: 07_chapter_6_in_the_beginning_50_terminating_a_spell_74.md -> summary="This section is a table of contents for the Dragon Warriors " keywords=['assassins', 'warlocks', 'elementalists', 'combat', 'magic', 'skills', 'treasure', 'lands of legend']
2026-08-03 22:57:17 [pipeline] DEBUG JOB ee619f53 ENRICH 8/301: 08_chapter_12.md -> summary="This section provides a table of contents for chapters 10 th" keywords=['spells', 'sorcerer', 'mystic', 'elementalist', 'warlock', 'gamesmastering', 'rewards', 'treasure', 'enchanted items', 'lands of legend']
2026-08-03 22:57:23 [pipeline] DEBUG JOB ee619f53 ENRICH 9/301: 09_chapter_10_the_book_of_spells_79_npc_weapons_and_equipment_133.md -> summary="This section of the Dragon Warriors RPG manual covers chapte" keywords=['spells', 'game mastering', 'rewards', 'equipment', 'treasure', 'items', 'lands']
2026-08-03 22:57:25 [pipeline] DEBUG JOB ee619f53 ENRICH 10/301: 10_chapter_11_gamesmastering_115_enchanted_armour_138.md -> summary="This section is a table of contents for the Dragon Warriors " keywords=['dragon warriors', 'spells', 'gamemastering', 'enchanted armour', 'items', 'lands of legend', 'lore', 'travel', 'hazards']
2026-08-03 22:57:33 [pipeline] DEBUG JOB ee619f53 ENRICH 11/301: 11_chapter_15_the_lore_of_legend_169_witnesses_191.md -> summary="This section lists chapters 15-18 of an RPG manual, covering" keywords=['lore', 'legend', 'court', 'languages', 'crime', 'punishment', 'travel', 'hazards']
2026-08-03 22:57:37 [pipeline] DEBUG JOB ee619f53 ENRICH 12/301: 12_chapter_16_roman_britain_206.md -> summary="This chapter covers the setting of Roman Britain, including " keywords=['roman britain', 'languages', 'crime', 'punishment', 'courts', 'wargames', 'jousting', 'tourney']
2026-08-03 22:57:43 [pipeline] DEBUG JOB ee619f53 ENRICH 13/301: 13_chapter_19_dracomen_240_necrochor_248.md -> summary="This section covers Chapter 19: Dracomen and Necrochor, Chap" keywords=['dracomen', 'necrochor', 'hellion', 'monsters of legend', 'bestiary', 'dragon warriors', 'adventure']
2026-08-03 22:57:45 [pipeline] DEBUG JOB ee619f53 ENRICH 14/301: 14_chapter_20_hellion_244_titan_251.md -> summary="This section includes the monster entries for Hellion and Ti" keywords=['hellion', 'titan', 'dragon warriors', 'monsters', 'legend', 'fantasy', 'flavor', 'medieval']
2026-08-03 22:57:48 [pipeline] DEBUG JOB ee619f53 ENRICH 15/301: 15_introdu_ction.md -> summary="The text discusses the essence of Dragon Warriors, emphasizi" keywords=['dragon warriors', 'fantasy roleplaying', 'flavor', 'legend', 'dark', 'spooky', 'magical', 'gamesmaster']
2026-08-03 22:57:50 [pipeline] DEBUG JOB ee619f53 ENRICH 16/301: 16_chapter_1.md -> summary="This chapter introduces fantasy roleplaying games, explainin" keywords=['fantasy roleplaying', 'gamesmaster', 'non-player characters', 'computer rpgs', 'adventure rules', 'imagination', 'dragon warriors']
2026-08-03 22:57:52 [pipeline] DEBUG JOB ee619f53 ENRICH 17/301: 17_fantasy.md -> summary="This section introduces fantasy roleplaying games, explainin" keywords=['fantasy roleplaying', 'gamesmaster', 'non-player characters', 'computer rpgs', 'adventure rules']
2026-08-03 22:57:54 [pipeline] DEBUG JOB ee619f53 ENRICH 18/301: 18_roleplay.md -> summary="This section explains the concept of fantasy roleplaying gam" keywords=['fantasy roleplaying', 'gamesmaster', 'dice', 'character creation', 'roleplaying', 'adventure']
2026-08-03 22:57:57 [pipeline] DEBUG JOB ee619f53 ENRICH 19/301: 19_chapter_2.md -> summary="This chapter guides players through creating a character for" keywords=['roleplaying', 'character creation', 'personality', 'background', 'attitude', 'fantasy world', 'adventurer']
2026-08-03 22:57:59 [agent] INFO QUERY START: "What are the wizard classes?" (history=0 turns)
2026-08-03 22:57:59 [pipeline] DEBUG JOB ee619f53 ENRICH 20/301: 20_creating.md -> summary="This section of the manual emphasizes the importance of role" keywords=['roleplaying', 'character creation', 'personality', 'background', 'attitude', 'fantasy', 'dragon warriors']
2026-08-03 22:58:00 [agent] INFO   iter 1: fts_search({"query": "wizard class"}) -> [{"path": "1aaecba1ffec496caf13dcaa903d7c6d/41_chapter_4.md", "title": "Chapter 4", "snippet": "\n# Chapter 4\n\nChapter... (1.1s)
2026-08-03 22:58:00 [agent] INFO   iter 1: fts_search({"query": "wizard"}) -> [{"path": "1aaecba1ffec496caf13dcaa903d7c6d/02_contents.md", "title": "CONTENTS", "snippet": "...The <mark>Wizards</mark... (1.1s)
2026-08-03 22:58:01 [agent] INFO   iter 2: read_file({"path": "1aaecba1ffec496caf13dcaa903d7c6d/42_wizards.md"}) -> # WIZARDS  Chapter 4 THE WIZARDS IN THE DRAGON WARRIORS game there are sions. Sorcerers, Elementalists, Mystics, and War... (1.0s)
2026-08-03 22:58:01 [pipeline] DEBUG JOB ee619f53 ENRICH 21/301: 21_a_character.md -> summary="This section explains the process of creating a character fo" keywords=['character creation', 'roleplaying', 'characteristics', 'strength', 'reflexes', 'intelligence', 'psychic talent', 'looks', 'professions']
2026-08-03 22:58:02 [agent] INFO   iter 3: read_file({"path": "1aaecba1ffec496caf13dcaa903d7c6d/42_wizards.md"}) -> # WIZARDS  Chapter 4 THE WIZARDS IN THE DRAGON WARRIORS game there are sions. Sorcerers, Elementalists, Mystics, and War... (1.3s)
2026-08-03 22:58:03 [pipeline] DEBUG JOB ee619f53 ENRICH 22/301: 22_choosing_a.md -> summary="This section explains how to create a character by rolling 3" keywords=['characteristics', 'strength', 'reflexes', 'intelligence', 'psychic talent', 'looks', 'professions', 'dragon warriors']
2026-08-03 22:58:03 [agent] INFO   iter 4: read_file({"path": "1aaecba1ffec496caf13dcaa903d7c6d/42_wizards.md", "lines": "1-200"}) ->  Chapter 4 THE WIZARDS IN THE DRAGON WARRIORS game there are sions. Sorcerers, Elementalists, Mystics, and War- four mag... (1.2s)
2026-08-03 22:58:04 [agent] INFO   iter 5: list_index({"path": "1aaecba1ffec496caf13dcaa903d7c6d"}) -> [{"title": "DRAGON WARRIORS", "summary": "", "path": "01_dragon_warriors/index.md"}, {"title": "CONTENTS", "summary": ""... (1.2s)
2026-08-03 22:58:05 [pipeline] DEBUG JOB ee619f53 ENRICH 23/301: 23_profession.md -> summary="This section explains how to create a character in Dragon Wa" keywords=['character creation', 'characteristics', 'professions', 'health points', 'combat factors', 'dragon warriors', 'rpg']
2026-08-03 22:58:06 [agent] INFO   iter 6: read_file({"path": "1aaecba1ffec496caf13dcaa903d7c6d/44_mystics/index.md"}) -> (file not found: 1aaecba1ffec496caf13dcaa903d7c6d/44_mystics/index.md)... (2.1s)
2026-08-03 22:58:06 [agent] INFO   iter 6: nudging model to call done
2026-08-03 22:58:06 [agent] INFO   iter 6: read_file({"path": "1aaecba1ffec496caf13dcaa903d7c6d/45_elementalists/index.md"}) -> (file not found: 1aaecba1ffec496caf13dcaa903d7c6d/45_elementalists/index.md)... (2.1s)
2026-08-03 22:58:06 [agent] INFO   iter 6: nudging model to call done
2026-08-03 22:58:06 [agent] INFO   iter 6: read_file({"path": "1aaecba1ffec496caf13dcaa903d7c6d/47_warlocks/index.md"}) -> (file not found: 1aaecba1ffec496caf13dcaa903d7c6d/47_warlocks/index.md)... (2.1s)
2026-08-03 22:58:06 [agent] INFO   iter 6: nudging model to call done
2026-08-03 22:58:07 [pipeline] DEBUG JOB ee619f53 ENRICH 24/301: 24_health_points.md -> summary="Health Points (HP) represent a character's robustness, deter" keywords=['health points', 'hp', 'unconscious', 'death', 'recuperation', 'profession', 'dice roll']
2026-08-03 22:58:09 [pipeline] DEBUG JOB ee619f53 ENRICH 25/301: 25_the_combat_factors.md -> summary="This section explains how to determine a character's combat " keywords=['combat factors', 'attack', 'defence', 'health points', 'magical attack', 'magical defence', 'evasion', 'characteristic effects']
2026-08-03 22:58:11 [pipeline] DEBUG JOB ee619f53 ENRICH 26/301: 26_magical_combat.md -> summary="This section explains how to calculate magical attack and de" keywords=['magical attack', 'magical defence', 'evasion', 'character classes', 'intelligence', 'psychic talent', 'dodging', 'combat factors']
2026-08-03 22:58:14 [agent] INFO   iter 7: DONE called (7.6s)
2026-08-03 22:58:14 [agent] INFO QUERY DONE: "What are the wizard classes?" -> "# The Wizard Classes in Dragon Warriors

In the **Dragon Warriors** game, there are **four magic-usi" (iters=7, cites=9, suggestions=3, 15.4s)
2026-08-03 22:58:15 [pipeline] DEBUG JOB ee619f53 ENRICH 27/301: 27_factors.md -> summary="This section explains how to calculate a character's magical" keywords=['magical attack', 'magical defence', 'evasion', 'characteristic scores', 'class modifiers', 'dodging', 'perception']
2026-08-03 22:58:17 [pipeline] DEBUG JOB ee619f53 ENRICH 28/301: 28_dodging.md -> summary="Dodging is a defensive action used against attacks not cover" keywords=['dodging', 'evasion', 'reflexes', 'basic evasion score', 'profession', 'modification', 'combat', 'dragon warriors']
2026-08-03 22:58:18 [pipeline] DEBUG JOB ee619f53 ENRICH 29/301: 29_stealth_and.md -> summary="This section explains stealth and perception scores for diff" keywords=['stealth', 'perception', 'profession', 'assassin', 'rank', 'equipment', 'background', 'dragon warriors']
2026-08-03 22:58:20 [pipeline] DEBUG JOB ee619f53 ENRICH 30/301: 30_perception.md -> summary="This section details stealth and perception scores by profes" keywords=['stealth', 'perception', 'profession', 'rank', 'equipment', 'background', 'reflexes', 'psychic talent']
2026-08-03 22:58:22 [pipeline] DEBUG JOB ee619f53 ENRICH 31/301: 31_background.md -> summary="This section details stealth and perception scores by profes" keywords=['stealth', 'perception', 'profession', 'rank', 'equipment', 'background', 'dragon warriors']
2026-08-03 22:58:23 [pipeline] DEBUG JOB ee619f53 ENRICH 32/301: 32_character_sheet.md -> summary="This section details the character creation process for Drag" keywords=['character creation', 'dragon warriors', 'stealth', 'perception', 'equipment', 'rank', 'profession', 'stats']
2026-08-03 22:58:33 [pipeline] DEBUG JOB ee619f53 ENRICH 33/301: 33_character_creation.md -> summary="" keywords=[]
2026-08-03 22:58:36 [pipeline] DEBUG JOB ee619f53 ENRICH 34/301: 34_summary.md -> summary="This section details character creation for various classes " keywords=['knights', 'barbarians', 'sorcerers', 'mystics', 'elementalists', 'warlocks', 'assassins', 'character creation']
2026-08-03 22:58:38 [pipeline] DEBUG JOB ee619f53 ENRICH 35/301: 35_chapter_3.md -> summary="This chapter introduces the two main fighter classes in the " keywords=['knights', 'barbarians', 'combat', 'chivalric code', 'ferocity', 'tactics', 'mounted', 'wilderness']
2026-08-03 22:58:41 [pipeline] DEBUG JOB ee619f53 ENRICH 36/301: 36_fighters.md -> summary="The section describes two main classes of fighters in the Dr" keywords=['fighters', 'knights', 'barbarians', 'combatants', 'chivalric code', 'warriors', 'dragon warriors']
2026-08-03 22:58:45 [pipeline] DEBUG JOB ee619f53 ENRICH 37/301: 37_knights.md -> summary="Knights are civilized warrior aristocrats with tactical comb" keywords=['knights', 'barbarians', 'fighters', 'track', 'armour expert', 'ride warhorse', 'berserk', 'disarm technique']
2026-08-03 22:58:49 [pipeline] DEBUG JOB ee619f53 ENRICH 38/301: 38_barbarians.md -> summary="Barbarians are warriors from distant, inhospitable lands suc" keywords=['barbarians', 'track', 'berserk', 'ride warhorse', 'bloodrage', 'thuland', 'eastern steppes', 'code of honor']
2026-08-03 22:58:52 [pipeline] DEBUG JOB ee619f53 ENRICH 39/301: 39_1_the_secondary_weapon_may_be_used_as_a_guard.md -> summary="This section describes special abilities for Knight and Barb" keywords=['knight', 'barbarian', 'parry', 'weaponskill', 'swordmaster', 'track', 'berserk', 'quick draw']
2026-08-03 22:58:54 [pipeline] DEBUG JOB ee619f53 ENRICH 40/301: 40_2_the_character_can_strike_with_both_weapons_at_once.md -> summary="This section details the Knight and Barbarian character clas" keywords=['knight', 'barbarian', 'wizard', 'skills', 'combat', 'magic', 'weapons', 'armour']
2026-08-03 22:58:56 [pipeline] DEBUG JOB ee619f53 ENRICH 41/301: 41_chapter_4.md -> summary="The chapter describes four wizard professions in the Dragon " keywords=['wizards', 'sorcerers', 'elementalists', 'mystics', 'warlocks', 'magic points', 'fatigue', 'spellcasting']
2026-08-03 22:58:59 [pipeline] DEBUG JOB ee619f53 ENRICH 42/301: 42_wizards.md -> summary="This section describes the four magic-using professions in D" keywords=['sorcerers', 'elementalists', 'mystics', 'warlocks', 'magic points', 'calligraphy', 'alchemy', 'scrolls']
2026-08-03 22:59:00 [pipeline] DEBUG JOB ee619f53 ENRICH 43/301: 43_chapter_9_the_use_of_magic_for_full_details_of_sor.md -> summary="Sorcerers are scholarly magicians who use skills like Callig" keywords=['sorcerer', 'mystic', 'magic', 'calligraphy', 'alchemy', 'artifice', 'wands', 'spell mastery']
2026-08-03 22:59:04 [pipeline] DEBUG JOB ee619f53 ENRICH 44/301: 44_mystics.md -> summary="Mystics are wizards who rely on mental powers rather than wa" keywords=['mystics', 'premonition', 'esp', 'enchantment', 'adepthood', 'spell mastery', 'wands', 'psychic talent']
2026-08-03 22:59:06 [pipeline] DEBUG JOB ee619f53 ENRICH 45/301: 45_elementalists.md -> summary="This section details the Elementalist and Warlock profession" keywords=['elementalists', 'warlocks', 'adepthood', 'flawed items', 'raw elemental power', 'elemental resistance', 'weapon groups', 'simultaneous casting']
2026-08-03 22:59:10 [pipeline] DEBUG JOB ee619f53 ENRICH 46/301: 46_chapter_10_the_book_of_spells_rank_he_chooses_two_weapon_groups_from_among.md -> summary="Warlocks are fighter-mages who balance magic and weapon skil" keywords=['warlocks', 'fighter-mages', 'weapon groups', 'simultaneous casting', 'armour', 'intelligence', 'psychic talent', 'dwarves']
2026-08-03 22:59:12 [pipeline] DEBUG JOB ee619f53 ENRICH 47/301: 47_warlocks.md -> summary="Warlocks are fighter-mages who combine sword and sorcery, sp" keywords=['warlocks', 'fighter-mages', 'weapon groups', 'simultaneous casting', 'armor', 'enchantment', 'arrow cutting', 'special abilities']
2026-08-03 22:59:14 [pipeline] DEBUG JOB ee619f53 ENRICH 48/301: 48_chapter_5.md -> summary="Assassins in Dragon Warriors are rare adventurers who rely o" keywords=['assassins', 'shadow warriors', 'stealth', 'cunning', 'guile', 'minimum requirements', 'rare profession', 'armour penalties']
2026-08-03 22:59:16 [pipeline] DEBUG JOB ee619f53 ENRICH 49/301: 49_the_shadow.md -> summary="Assassins are stealthy warriors who rely on cunning and guil" keywords=['assassin', 'stealth', 'cunning', 'guile', 'murder', 'thief', 'rare', 'armor penalties']
2026-08-03 22:59:19 [pipeline] DEBUG JOB ee619f53 ENRICH 50/301: 50_warriors.md -> summary="Assassins are rare, stealthy warriors who use cunning, poiso" keywords=['assassins', 'stealth', 'combat techniques', 'mental techniques', 'meditational techniques', 'alchemical techniques', 'skills', 'deathvow']
2026-08-03 22:59:22 [pipeline] DEBUG JOB ee619f53 ENRICH 51/301: 51_chapter_6.md -> summary="This chapter provides a method for generating player-charact" keywords=['character background', 'social class', 'dice rolls', 'life history', 'noble', 'peasant', 'campaign balance', 'gm approval']
2026-08-03 22:59:24 [pipeline] DEBUG JOB ee619f53 ENRICH 52/301: 52_in_the.md -> summary="This chapter provides a system for generating character back" keywords=['character background', 'social class', 'dice rolls', 'life history', 'campaign balance', 'non-player characters', 'feudal society']
2026-08-03 22:59:26 [pipeline] DEBUG JOB ee619f53 ENRICH 53/301: 53_beginning.md -> summary="This chapter provides rules for generating a player-characte" keywords=['background', 'social class', 'professions', 'tables', 'languages', 'literacy', 'barbarian', 'elementalist']
2026-08-03 22:59:28 [pipeline] DEBUG JOB ee619f53 ENRICH 54/301: 54_chapter_7.md -> summary="Adventures begin with a GM briefing, but players must plan c" keywords=['adventuring strategy', 'gm briefing', 'npc adventurers', 'hirelings', 'fellow adventurers', 'planning', 'flexibility']
2026-08-03 22:59:33 [pipeline] DEBUG JOB ee619f53 ENRICH 55/301: 55_adventure.md -> summary="This section provides guidance on adventuring strategy, incl" keywords=['adventure', 'strategy', 'npc adventurers', 'illumination', 'underworld', 'stealth', 'perception', 'combat']
2026-08-03 22:59:35 [pipeline] DEBUG JOB ee619f53 ENRICH 56/301: 56_chapter_8.md -> summary="Combat involves hit rolls (1d20, attack minus defense, criti" keywords=['combat', 'hit roll', 'armor bypass roll', 'critical hit', 'armor factor', 'health points', 'combat round', 'reflexes']
2026-08-03 22:59:37 [pipeline] DEBUG JOB ee619f53 ENRICH 57/301: 57_the_rules.md -> summary="This section explains the basic combat procedure in Dragon W" keywords=['combat', 'hit roll', 'defence', 'armour bypass', 'health points', 'damage', 'weapon', 'critical hit']
2026-08-03 22:59:39 [pipeline] DEBUG JOB ee619f53 ENRICH 58/301: 58_of_combat.md -> summary="Combat consists of a hit roll (1d20, subtract defense from a" keywords=['hit roll', 'armour bypass roll', 'armour factor', 'health points', 'combat round', 'critical hit', 'damage rating', 'defense score']
2026-08-03 22:59:42 [pipeline] DEBUG JOB ee619f53 ENRICH 59/301: 59_1_the_attacker_rolls_1d20_to_determine_whether_he_hits.md -> summary="The combat system involves a hit roll (1d20, modified by att" keywords=['hit roll', 'armour bypass roll', 'critical hit', 'attack score', 'defence score', 'armour factor', 'health points', 'combat round']
2026-08-03 22:59:46 [pipeline] DEBUG JOB ee619f53 ENRICH 60/301: 60_2_if_an_attacker_scores_a_hit_he_rolls_to_see_whether_the_armour_type_armour_factor.md -> summary="Combat involves hit rolls (1d20 vs attack minus defense, wit" keywords=['hit roll', 'armour bypass roll', 'armour factor', 'critical hit', 'combat round', 'health points', 'damage']
2026-08-03 22:59:50 [pipeline] DEBUG JOB ee619f53 ENRICH 61/301: 61_3_a_blow_which_gets_through_armour_inflicts_a_wound_mail_hauberk_3.md -> summary="Combat involves hit rolls (1d20 vs attack minus defence), ar" keywords=['combat', 'hit roll', 'armour bypass', 'critical hit', 'armour factor', 'weapon damage', 'combat round', 'health points']
2026-08-03 22:59:52 [pipeline] DEBUG JOB ee619f53 ENRICH 62/301: 62_chapter_9.md -> summary="This chapter explains the mechanics of magic in the Lands of" keywords=['magic', 'sorcerer', 'elementalist', 'warlock', 'mystic', 'magic points', 'spell levels', 'incantation', 'regeneration']
2026-08-03 22:59:54 [pipeline] DEBUG JOB ee619f53 ENRICH 63/301: 63_the_use.md -> summary="This section explains the mechanics of magic use, including " keywords=['magic', 'spells', 'magic points', 'sorcerer', 'elementalist', 'warlock', 'mystic', 'regeneration']
2026-08-03 22:59:56 [pipeline] DEBUG JOB ee619f53 ENRICH 64/301: 64_of_magic.md -> summary="This section explains the mechanics of spellcasting for diff" keywords=['magic', 'sorcerer', 'elementalist', 'mystic', 'magic points', 'psychic fatigue', 'spell level', 'spellcasting']
2026-08-03 22:59:58 [pipeline] DEBUG JOB ee619f53 ENRICH 65/301: 65_18_caedmon_now_cannot_cast_spells_until_the_following.md -> summary="This section details the mechanics of magic in Dragon Warrio" keywords=['psychic fatigue', 'spell expiry', 'mystic', 'elementalist', 'warlock', 'magic points', 'spell failure', 'durational spells']
2026-08-03 23:00:01 [pipeline] DEBUG JOB ee619f53 ENRICH 66/301: 66_chapter_10.md -> summary="This section lists all spells usable by Sorcerers, organized" keywords=['sorcerer', 'spells', 'level', 'magic points', 'rank', 'index']
2026-08-03 23:00:03 [pipeline] DEBUG JOB ee619f53 ENRICH 67/301: 67_the_book.md -> summary="This section lists sorcerer spells organized by level (1-10)" keywords=['sorcerer spells', 'spell levels', 'magic points', 'rank', 'index', 'spell list']
2026-08-03 23:00:08 [pipeline] DEBUG JOB ee619f53 ENRICH 68/301: 68_of_spells.md -> summary="This section lists all spells usable by Sorcerers, organized" keywords=['sorcerer spells', 'spell levels', 'magic points', 'rank', 'spell index', 'deathlight', 'nova']
2026-08-03 23:00:10 [pipeline] DEBUG JOB ee619f53 ENRICH 69/301: 69_sorcerer_spells.md -> summary="This section lists all spells usable by Sorcerers, organized" keywords=['sorcerer', 'spells', 'magic points', 'rank', 'level', 'casting', 'spell list']
2026-08-03 23:00:14 [pipeline] DEBUG JOB ee619f53 ENRICH 70/301: 70_deathlight.md -> summary="This section lists all sorcerer spells by level, noting that" keywords=['deathlight', 'sorcerer', 'spells', 'levels', 'magic points', 'rank', 'index']
2026-08-03 23:00:16 [pipeline] DEBUG JOB ee619f53 ENRICH 71/301: 71_stasis.md -> summary="This section lists all spells usable by Sorcerers, noting th" keywords=['sorcerer', 'spells', 'level', 'magic points', 'rank', 'casting', 'index']
2026-08-03 23:00:19 [pipeline] DEBUG JOB ee619f53 ENRICH 72/301: 72_vorpal_blade.md -> summary="This section lists sorcerer spells by level, noting that a s" keywords=['sorcerer', 'spells', 'level', 'magic points', 'rank', 'casting', 'index']
2026-08-03 23:00:23 [pipeline] DEBUG JOB ee619f53 ENRICH 73/301: 73_dragonbreath_antidote_astral_gate.md -> summary="This section lists all spells usable by Sorcerers, organized" keywords=['sorcerer', 'spells', 'levels', 'magic points', 'rank', 'casting', 'index']
2026-08-03 23:00:29 [pipeline] DEBUG JOB ee619f53 ENRICH 74/301: 74_image_curse_bastion.md -> summary="This section lists spells available to sorcerers, organized " keywords=['sorcerer', 'spells', 'level', 'magic points', 'rank', 'spell list', 'casting', 'magic']
2026-08-03 23:00:33 [pipeline] DEBUG JOB ee619f53 ENRICH 75/301: 75_lesser_healing_disease_burden.md -> summary="This section lists all spells usable by Sorcerers, organized" keywords=['sorcerer', 'spells', 'levels', 'magic points', 'rank', 'spell list', 'casting rules']
2026-08-03 23:00:36 [pipeline] DEBUG JOB ee619f53 ENRICH 76/301: 76_moonglow_oracle_destrier.md -> summary="This section lists all sorcerer spells by level, noting that" keywords=['sorcerer', 'spells', 'level', 'magic points', 'rank', 'index', 'spell list']
2026-08-03 23:00:42 [pipeline] DEBUG JOB ee619f53 ENRICH 77/301: 77_portal_shadowbolt_evil_eye.md -> summary="This section lists all spells usable by Sorcerers, organized" keywords=['sorcerer', 'spells', 'levels', 'magic points', 'rank', 'spell list']
2026-08-03 23:00:45 [pipeline] DEBUG JOB ee619f53 ENRICH 78/301: 78_weaken_wall_of_magic_rune.md -> summary="WEAKEN WALL OF MAGIC RUNE is a level 1 sorcerer spell. Its l" keywords=['weaken', 'wall', 'magic', 'rune', 'level one', 'sorcerer', 'spell']
2026-08-03 23:00:47 [pipeline] DEBUG JOB ee619f53 ENRICH 79/301: 79_detect_aura_banish_animate_bones.md -> summary="This section lists all spells usable by Sorcerers, noting th" keywords=['sorcerer', 'spells', 'levels', 'magic points', 'rank', 'detect aura', 'banish', 'animate bones']
2026-08-03 23:00:52 [pipeline] DEBUG JOB ee619f53 ENRICH 80/301: 80_hold_off_the_dead_divination_battlemaster.md -> summary="This section lists all spells usable by Sorcerers, organized" keywords=['sorcerer spells', 'spell levels', 'magic points', 'rank', 'casting rules', 'index']
2026-08-03 23:00:55 [pipeline] DEBUG JOB ee619f53 ENRICH 81/301: 81_inflict_wound_fossilize_firestorm.md -> summary="This page lists all spells usable by Sorcerers, organized by" keywords=['sorcerer spells', 'spell levels', 'magic points', 'rank', 'spell index']
2026-08-03 23:00:58 [pipeline] DEBUG JOB ee619f53 ENRICH 82/301: 82_peer_mantlet_invisibility.md -> summary="Peer Mantlet Invisibility is a level 2 sorcerer spell that g" keywords=['peer mantlet', 'invisibility', 'sorcerer', 'level two', 'spell']
2026-08-03 23:01:01 [pipeline] DEBUG JOB ee619f53 ENRICH 83/301: 83_tangleroots_reanimate_the_dead_miracle_cure.md -> summary="This section lists all sorcerer spells by level, with the ru" keywords=['sorcerer', 'spells', 'levels', 'magic points', 'rank', 'index', 'spell list']
2026-08-03 23:01:02 [pipeline] DEBUG JOB ee619f53 ENRICH 84/301: 84_warding_transfix_raise_fog.md -> summary="This section lists sorcerer spells by level, noting that a s" keywords=['sorcerer', 'spells', 'levels', 'magic points', 'rank', 'casting', 'book']
2026-08-03 23:01:20 [pipeline] DEBUG JOB ee619f53 ENRICH 85/301: 85_banquet_armour_doppelganger.md -> summary="This section lists all spells usable by Sorcerers, organized" keywords=['sorcerer', 'spells', 'levels', 'magic points', 'rank', 'casting', 'index']
2026-08-03 23:01:29 [pipeline] DEBUG JOB ee619f53 ENRICH 86/301: 86_beacon_cure_disease_hecatomb.md -> summary="This section lists all spells available to Sorcerers, organi" keywords=['sorcerer', 'spells', 'level', 'magic points', 'rank', 'beacon', 'cure disease', 'hecatomb']
2026-08-03 23:01:31 [pipeline] DEBUG JOB ee619f53 ENRICH 87/301: 87_command_dishearten_pentacle_of_entrapment.md -> summary="This section lists all sorcerer spells by level, noting that" keywords=['sorcerer spells', 'spell levels', 'magic points', 'rank', 'spell index', 'dishearten pentacle of entrapment']
2026-08-03 23:01:34 [pipeline] DEBUG JOB ee619f53 ENRICH 88/301: 88_greater_healing_dispel_magic_resurrect.md -> summary="This section lists all spells usable by Sorcerers, noting th" keywords=['sorcerer', 'spells', 'level', 'magic points', 'rank', 'spell list', 'index']
2026-08-03 23:01:43 [pipeline] DEBUG JOB ee619f53 ENRICH 89/301: 89_illusion_phantasm_scry.md -> summary="This section lists all spells usable by Sorcerers, noting th" keywords=['sorcerer', 'spells', 'level', 'magic points', 'rank', 'spell index']
2026-08-03 23:01:54 [pipeline] DEBUG JOB ee619f53 ENRICH 90/301: 90_wolfcall_sword_of_damocles_transform.md -> summary="This section lists all spells usable by Sorcerers and Mystic" keywords=['sorcerer', 'mystic', 'spells', 'levels', 'magic points', 'rank', 'casting', 'spell list']
2026-08-03 23:02:02 [pipeline] DEBUG JOB ee619f53 ENRICH 91/301: 91_mystic_spells.md -> summary="This section details the Mystic spells from Dragon Warriors," keywords=['mystic spells', 'dragon warriors', 'invigorate', 'mirage', 'see enchantment', 'suspended animation', 'darksight']
2026-08-03 23:02:07 [pipeline] DEBUG JOB ee619f53 ENRICH 92/301: 92_mirage_enthrall_duel.md -> summary="This section describes several Mystic spells of various leve" keywords=['mystic', 'spells', 'mirage', 'see enchantment', 'suspended animation', 'darksight', 'invigorate', 'clairvoyance']
2026-08-03 23:02:09 [pipeline] DEBUG JOB ee619f53 ENRICH 93/301: 93_see_enchantment_hidden_target_levitation.md -> summary="This section describes Mystic spells in Dragon Warriors, lis" keywords=['dragon warriors', 'mystic spells', 'invigorate', 'mirage', 'see enchantment', 'suspended animation', 'darksight', 'spell levels']
2026-08-03 23:02:11 [pipeline] DEBUG JOB ee619f53 ENRICH 94/301: 94_suspended_animation_telepathy_paralysis.md -> summary="This section lists Mystic spells by level (1-9) with descrip" keywords=['mystic spells', 'spell levels', 'invigorate', 'mirage', 'see enchantment', 'suspended animation', 'darksight']
2026-08-03 23:02:27 [pipeline] DEBUG JOB ee619f53 ENRICH 95/301: 95_protection.md -> summary="This section lists Mystic spells by level, including Protect" keywords=['protection', 'mystic', 'spells', 'invigorate', 'suspended animation', 'darksight', 'level one', 'level two']
2026-08-03 23:02:35 [pipeline] DEBUG JOB ee619f53 ENRICH 96/301: 96_dazzle_mystic_blast_intangibility.md -> summary="This section from the Dragon Warriors RPG manual describes m" keywords=['dragon warriors', 'mystic spells', 'invigorate', 'mirage', 'see enchantment', 'suspended animation', 'darksight', 'dazzle']
2026-08-03 23:02:48 [pipeline] DEBUG JOB ee619f53 ENRICH 97/301: 97_might_pass_unseen_mindpool.md -> summary="This section of the Dragon Warriors RPG manual lists mystic " keywords=['dragon warriors', 'mystic spells', 'invigorate', 'clairvoyance', 'suspended animation', 'darksight', 'might pass unseen', 'mindpool']
2026-08-03 23:02:53 [pipeline] DEBUG JOB ee619f53 ENRICH 98/301: 98_pursuit_truthsense_swiftness.md -> summary="This section from Dragon Warriors describes several Level On" keywords=['invigorate', 'mirage', 'see enchantment', 'suspended animation', 'darksight', 'mystic spells', 'dragon warriors']
2026-08-03 23:03:00 [pipeline] DEBUG JOB ee619f53 ENRICH 99/301: 99_trance.md -> summary="This section from the Dragon Warriors RPG manual lists mysti" keywords=['dragon warriors', 'mystic spells', 'invigorate', 'mirage', 'see enchantment', 'suspended animation', 'darksight', 'trance']
2026-08-03 23:03:04 [pipeline] DEBUG JOB ee619f53 ENRICH 100/301: 100_mind_cloak_purification_impregnable_sphere.md -> summary="This section of the Dragon Warriors RPG manual describes mys" keywords=['mystic spells', 'dragon warriors', 'invigorate', 'mirage', 'see enchantment', 'suspended animation', 'darksight', 'spell levels']
2026-08-03 23:03:15 [pipeline] DEBUG JOB ee619f53 ENRICH 101/301: 101_nourish_steel_claw_phoenix.md -> summary="This section lists Mystic spells by level from the Dragon Wa" keywords=['mystic', 'spells', 'invigorate', 'mirage', 'see enchantment', 'suspended animation', 'darksight', 'levels']
2026-08-03 23:03:19 [pipeline] DEBUG JOB ee619f53 ENRICH 102/301: 102_telekinesis_survival_teleport.md -> summary="This section from Dragon Warriors describes several Level On" keywords=['dragon warriors', 'mystic spells', 'invigorate', 'mirage', 'see enchantment', 'suspended animation', 'darksight', 'telekinesis', 'survival', 'teleport']
2026-08-03 23:03:24 [pipeline] DEBUG JOB ee619f53 ENRICH 103/301: 103_thunderclap.md -> summary="The Thunderclap spell allows a Mystic to unleash a destructi" keywords=['thunderclap', 'mystic', 'spell', 'shout', 'destructive', 'damage']
2026-08-03 23:03:27 [pipeline] DEBUG JOB ee619f53 ENRICH 104/301: 104_elementalist_spells.md -> summary="This section describes elementalist spells, including the Th" keywords=['elementalist', 'spells', 'thunderclap', 'earth', 'fire', 'air', 'darkness', 'water']
2026-08-03 23:03:31 [pipeline] DEBUG JOB ee619f53 ENRICH 105/301: 105_1_abundance_1_candle.md -> summary="This section lists elementalist spells by level for five ele" keywords=['elementalist spells', 'earth', 'fire', 'air', 'darkness', 'water', 'thunderclap']
2026-08-03 23:03:39 [pipeline] DEBUG JOB ee619f53 ENRICH 106/301: 106_2_spider_magic_2_pyrotechnics.md -> summary="This section describes the Thunderclap spell, which deals 6d" keywords=['spider magic', 'pyrotechnics', 'thunderclap', 'spell', 'damage', 'armour', 'stone wall']
2026-08-03 23:03:45 [pipeline] DEBUG JOB ee619f53 ENRICH 107/301: 107_3_forest_murmurs_3_fire_arrow.md -> summary="This section lists elementalist spells by element and level," keywords=['elementalist spells', 'thunderclap', 'earth', 'fire', 'air', 'darkness', 'water']
2026-08-03 23:03:52 [pipeline] DEBUG JOB ee619f53 ENRICH 108/301: 108_4_create_bog_4_sheet_of_flame.md -> summary="This section describes the 'Sheet of Flame' spell (and possi" keywords=['spells', 'elementalist', 'fire', 'earth', 'air', 'darkness', 'water', 'damage']
2026-08-03 23:03:58 [pipeline] DEBUG JOB ee619f53 ENRICH 109/301: 109_5_roots_5_protection_from_fire.md -> summary="" keywords=[]
2026-08-03 23:04:02 [pipeline] DEBUG JOB ee619f53 ENRICH 110/301: 110_6_rock_wall_6_extinguish.md -> summary="This section lists elementalist spells by level for Earth, F" keywords=['rock wall', 'extinguish', 'elementalist spells', 'earth', 'fire', 'air', 'darkness', 'water', 'thunderclap', 'spell levels']
2026-08-03 23:04:05 [pipeline] DEBUG JOB ee619f53 ENRICH 111/301: 111_7_fissure_7_flash.md -> summary="This section describes the elementalist spells, including th" keywords=['spells', 'elementalist', 'thunderclap', 'fissure', 'flash', 'earth', 'fire', 'air', 'darkness', 'water']
2026-08-03 23:04:10 [pipeline] DEBUG JOB ee619f53 ENRICH 112/301: 112_8_give_up_the_dead_8_fire_weapon.md -> summary="This section lists elementalist spells by level for Earth, F" keywords=['spells', 'elementalist', 'earth', 'fire', 'air', 'darkness', 'water', 'give up the dead', 'fire weapon', 'thunderclap', 'levels']
2026-08-03 23:04:13 [pipeline] DEBUG JOB ee619f53 ENRICH 113/301: 113_9_tremor_9_conflagration.md -> summary="This section lists elementalist spells for Earth, Fire, Air," keywords=['elementalist spells', 'earth', 'fire', 'air', 'water', 'darkness', 'tremor', 'conflagration', 'thunderclap', 'spell damage']
2026-08-03 23:04:17 [pipeline] DEBUG JOB ee619f53 ENRICH 114/301: 114_10_summon_the_man_of_stone_10_summon_the_holocaust.md -> summary="This section lists elementalist spells for Earth, Fire, Air," keywords=['elementalist', 'spells', 'earth', 'fire', 'air', 'darkness', 'water', 'thunderclap']
2026-08-03 23:04:20 [pipeline] DEBUG JOB ee619f53 ENRICH 115/301: 115_1_cutting_power_of_the_mind_1_catspaw.md -> summary="This section lists elementalist spells for Earth, Fire, Air," keywords=['elementalist spells', 'earth', 'fire', 'air', 'darkness', 'water', 'levels', 'damage']
2026-08-03 23:04:25 [pipeline] DEBUG JOB ee619f53 ENRICH 116/301: 116_2_stargaze_2_darkeyes.md -> summary="This section describes the Thunderclap spell's damage and wa" keywords=['thunderclap', 'elementalist spells', 'earth', 'fire', 'air', 'water', 'darkness', 'stargaze', 'darkeyes']
2026-08-03 23:04:36 [pipeline] DEBUG JOB ee619f53 ENRICH 117/301: 117_3_false_rumours_3_benight.md -> summary="This section details the level 3 spells False Rumours (Air E" keywords=['false rumours', 'benight', 'elementalist spells', 'air', 'darkness', 'spell list']
2026-08-03 23:04:38 [pipeline] DEBUG JOB ee619f53 ENRICH 118/301: 118_4_windwall_4_curtain_of_night.md -> summary="This section describes the Thunderclap spell's damage and ar" keywords=['elementalist spells', 'thunderclap', 'earth', 'fire', 'air', 'darkness', 'water', 'spell lists']
2026-08-03 23:04:44 [pipeline] DEBUG JOB ee619f53 ENRICH 119/301: 119_5_summon_the_host_of_the_air_5_javelin_of_darkness.md -> summary="This section lists spells for Earth, Fire, Air, Darkness, an" keywords=['elementalist spells', 'thunderclap', 'summon the host of the air', 'javelin of darkness', 'spell list', 'air elementalist', 'darkness elementalist']
2026-08-03 23:04:53 [pipeline] DEBUG JOB ee619f53 ENRICH 120/301: 120_6_intangibility_6_shadowfall.md -> summary="This section describes the Thunderclap spell and provides a " keywords=['intangibility', 'shadowfall', 'thunderclap', 'elementalist spells', 'spell list', 'air', 'darkness', 'earth', 'fire', 'water']
2026-08-03 23:05:00 [pipeline] DEBUG JOB ee619f53 ENRICH 121/301: 121_7_garrotte_7_summon_the_creatures_of_the.md -> summary="This section lists elementalist spells for Earth, Fire, Air," keywords=['elementalist', 'spells', 'earth', 'fire', 'air', 'darkness', 'water', 'thunderclap']
2026-08-03 23:05:05 [pipeline] DEBUG JOB ee619f53 ENRICH 122/301: 122_8_flight_night.md -> summary="Describes the Thunderclap spell (6d6+6 damage, speed 12, bre" keywords=['thunderclap', 'elementalist', 'spells', 'flight night', 'damage', 'stone wall']
2026-08-03 23:05:17 [pipeline] DEBUG JOB ee619f53 ENRICH 123/301: 123_9_spin_8_eclipse_of_the_moon.md -> summary="This section lists elementalist spells for Earth, Fire, Air," keywords=['elementalist', 'spells', 'earth', 'fire', 'air', 'darkness', 'water', 'thunderclap']
2026-08-03 23:05:30 [pipeline] DEBUG JOB ee619f53 ENRICH 124/301: 124_10_banshee_9_shadow_self.md -> summary="This section includes a partial description of the Thundercl" keywords=['thunderclap', 'banshee', 'shadow self', 'elementalist spells', 'spell list']
2026-08-03 23:05:40 [pipeline] DEBUG JOB ee619f53 ENRICH 125/301: 125_10_summon_balor_prince_of.md -> summary="The section describes the level 10 Darkness Elementalist spe" keywords=['summon balor', 'prince of darkness', 'darkness elementalist', 'level 10', 'thunderclap', '6d6+6 damage', 'evasion']
2026-08-03 23:05:45 [pipeline] DEBUG JOB ee619f53 ENRICH 126/301: 126_1_rain.md -> summary="This section describes the Thunderclap spell's effects (dama" keywords=['thunderclap', 'elementalist', 'spells', 'earth', 'fire', 'air', 'darkness', 'water']
2026-08-03 23:05:53 [pipeline] DEBUG JOB ee619f53 ENRICH 127/301: 127_2_wave_mastery.md -> summary="Wave Mastery is a level 2 Water Elementalist spell that deal" keywords=['wave mastery', 'water elementalist', 'spell', 'damage', 'evasion', 'armor', 'stone wall', 'thunderclap']
2026-08-03 23:06:00 [pipeline] DEBUG JOB ee619f53 ENRICH 128/301: 128_3_icewall.md -> summary="Icewall is a level 3 water elementalist spell, as listed in " keywords=['icewall', 'water elementalist', 'spell', 'level 3']
2026-08-03 23:06:03 [pipeline] DEBUG JOB ee619f53 ENRICH 129/301: 129_4_walk_on_water.md -> summary="This section describes elementalist spells, including the Th" keywords=['elementalist spells', 'thunderclap', 'earth', 'fire', 'air', 'darkness', 'water']
2026-08-03 23:06:17 [pipeline] DEBUG JOB ee619f53 ENRICH 130/301: 130_5_ice_spear.md -> summary="Ice Spear is a level 5 Water Elementalist spell that deals 6" keywords=['ice spear', 'water elementalist', 'level 5', '6d6+6', 'speed 12', 'evasion', 'unenchanted armor', 'enchanted armor']
2026-08-03 23:06:29 [pipeline] DEBUG JOB ee619f53 ENRICH 131/301: 131_6_breathe_under_water.md -> summary="This section lists all elementalist spells by level for Eart" keywords=['elementalist spells', 'earth', 'fire', 'air', 'darkness', 'water', 'breathe under water', 'spell list']
2026-08-03 23:06:41 [pipeline] DEBUG JOB ee619f53 ENRICH 132/301: 132_7_blizzard.md -> summary="This section describes the Blizzard spell and provides a lis" keywords=['blizzard', 'thunderclap', 'elementalist spells', 'earth', 'fire', 'air', 'water', 'darkness']
2026-08-03 23:07:15 [pipeline] DEBUG JOB ee619f53 ENRICH 133/301: 133_8_freeze.md -> summary="This section describes the Freeze spell, a level 8 Water Ele" keywords=['freeze', 'water elementalist', 'spells', 'level 8', 'elementalist', 'earth', 'fire', 'air', 'darkness']
2026-08-03 23:07:18 [pipeline] DEBUG JOB ee619f53 ENRICH 134/301: 134_9_lightning.md -> summary="The Lightning spell (Water Elementalist level 9) deals 6d6+6" keywords=['lightning', 'spell', 'damage', 'speed', 'evasion', 'armor', 'thunderclap', 'stone wall']
2026-08-03 23:07:21 [pipeline] DEBUG JOB ee619f53 ENRICH 135/301: 135_10_summon_tsunami.md -> summary="A level 10 Water Elementalist spell, listed in the spell tab" keywords=['summon tsunami', 'water elementalist', 'level 10']
2026-08-03 23:07:23 [pipeline] DEBUG JOB ee619f53 ENRICH 136/301: 136_1_abundance_he_is_being_followed_may_cast_the_spell_on_a_large.md -> summary="This section describes five Earth spells for Dragon Warriors" keywords=['earth spells', 'elementalist', 'darkness', 'fruit', 'poison', 'spider', 'plants', 'bog', 'roots']
2026-08-03 23:07:28 [pipeline] DEBUG JOB ee619f53 ENRICH 137/301: 137_2_spider_magic_wishing_to_escape_embogment_should_make_a_d20.md -> summary="This section describes five Earth Elementalist spells: Abund" keywords=['abundance', 'spider magic', 'forest murmurs', 'create bog', 'roots', 'earth elementalist', 'darkness', 'd20']
2026-08-03 23:07:30 [pipeline] DEBUG JOB ee619f53 ENRICH 138/301: 138_3_forest_murmurs.md -> summary="The caster can communicate with plants to learn about recent" keywords=['forest murmurs', 'plant communication', 'memory', 'false rumors', 'darkness variant']
2026-08-03 23:07:37 [pipeline] DEBUG JOB ee619f53 ENRICH 139/301: 139_6_rock_wall_into_it_1d6_damage_anyone_trying_to_jump_the.md -> summary="This section details five spells: Rock Wall, Fissure, Give u" keywords=['rock wall', 'fissure', 'give up the dead', 'tremor', 'summon the man of stone', 'spell expiry roll', 'darkness', 'elementalist']
2026-08-03 23:07:39 [pipeline] DEBUG JOB ee619f53 ENRICH 140/301: 140_9_tremor.md -> summary="The Tremor spell causes an escalating earthquake in a 10m ra" keywords=['tremor', 'earthquake', 'spell', 'damage', 'area', 'shaking', 'destruction', 'spell expiry roll']
2026-08-03 23:07:41 [pipeline] DEBUG JOB ee619f53 ENRICH 141/301: 141_1_cutting_power_of_the_mind_darkness_the_sound_created_is_always_that_of_a.md -> summary="This section describes five Air Elementalist spells: Cutting" keywords=['air spells', 'elementalist', 'aeolian harp', 'intelligence', 'endurance', 'illusion', 'windwall', 'summoning']
2026-08-03 23:07:44 [pipeline] DEBUG JOB ee619f53 ENRICH 142/301: 142_2_stargaze_take_1d8_points_of_damage_armour_does_not_pro.md -> summary="This section describes five Air spells for the Air Elemental" keywords=['air spells', 'elementalist', 'aeolian harp', 'stargaze', 'false rumours', 'windwall', 'summon host of air', 'darkness variant']
2026-08-03 23:07:45 [pipeline] DEBUG JOB ee619f53 ENRICH 143/301: 143_3_false_rumours_5_a_bird_of_prey_that_could_attack_an_opponent.md -> summary="This section details Air Elementalist spells, including thei" keywords=['air spells', 'elementalist', 'aeolian harp', 'darkness', 'flight', 'banshee', 'windwall', 'intangibility']
2026-08-03 23:07:48 [pipeline] DEBUG JOB ee619f53 ENRICH 144/301: 144_6_intangibility_into_the_ground_from_a_great_height_a_convenient.md -> summary="This section describes several spells including Intangibilit" keywords=['spells', 'intangibility', 'garrotte', 'flight', 'spin', 'banshee', 'darkness', 'elementalist']
2026-08-03 23:07:50 [agent] INFO QUERY START: "What is AC?" (history=0 turns)
2026-08-03 23:07:50 [agent] INFO   iter 1: DONE called (0.0s)
2026-08-03 23:07:50 [agent] INFO QUERY DONE: "What is AC?" -> "AC is 15." (iters=1, cites=1, suggestions=0, 0.0s)
2026-08-03 23:07:50 [agent] INFO QUERY START: "Find goblin stats" (history=0 turns)
2026-08-03 23:07:50 [agent] INFO   iter 1: fts_search({"query": "goblin"}) -> [{"path": "x.md", "title": "Goblin", "snippet": "AC 15"}]... (0.0s)
2026-08-03 23:07:50 [agent] INFO   iter 2: DONE called (0.0s)
2026-08-03 23:07:50 [agent] INFO QUERY DONE: "Find goblin stats" -> "Found goblin." (iters=2, cites=0, suggestions=0, 0.0s)
2026-08-03 23:07:50 [agent] INFO QUERY START: "loop forever" (history=0 turns)
2026-08-03 23:07:50 [agent] INFO   iter 1: fts_search({"query": "x"}) -> []... (0.0s)
2026-08-03 23:07:50 [agent] INFO   iter 2: fts_search({"query": "x"}) -> []... (0.0s)
2026-08-03 23:07:50 [agent] INFO   iter 3: fts_search({"query": "x"}) -> []... (0.0s)
2026-08-03 23:07:50 [agent] WARNING QUERY BUDGET EXHAUSTED: "loop forever" (iters=3, 0.0s)
2026-08-03 23:07:51 [pipeline] DEBUG JOB ee619f53 ENRICH 145/301: 145_10_banshee.md -> summary="The Banshee is a summoned vortex of shrieking wind that deaf" keywords=['banshee', 'elementalist', 'summon', 'implosion', 'death', 'shrieking', 'vortex', 'experience points', 'darkness', 'deafen']
2026-08-03 23:07:53 [pipeline] DEBUG JOB ee619f53 ENRICH 146/301: 146_7_garrotte_the_elementalist_may_summon_a_banshee_an_ani.md -> summary="The Garrotte spell creates a constricting band around an opp" keywords=['garrotte', 'spell', 'constricting band', 'throat', 'damage', 'strength roll', 'darkness', 'deafness']
2026-08-03 23:07:54 [pipeline] INFO JOB 67d9de8c START doc=c8388464 user=cf21f951 pdf=original.pdf
2026-08-03 23:07:54 [pipeline] INFO JOB 67d9de8c STAGE 1: extracting text from original.pdf
2026-08-03 23:07:54 [pipeline] INFO JOB 67d9de8c STAGE 1 DONE: 1 pages, 0 OCR, 46 chars, 0.1s
2026-08-03 23:07:54 [pipeline] INFO JOB 67d9de8c COVER: extracted cover.jpg
2026-08-03 23:07:54 [pipeline] INFO JOB 67d9de8c STAGE 2: detecting structure
2026-08-03 23:07:54 [pipeline] INFO JOB 67d9de8c STAGE 2 DONE: 1 chapters, 1 nodes, 1 leaves, 0.0s
2026-08-03 23:07:54 [pipeline] INFO JOB 67d9de8c STAGE 3: writing markdown files
2026-08-03 23:07:54 [pipeline] INFO JOB 67d9de8c STAGE 3 DONE: 1 files written to data/cf21f951/c8388464/, 0.0s
2026-08-03 23:07:54 [pipeline] INFO JOB 67d9de8c STAGE 4: enriching 1 sections
2026-08-03 23:07:54 [pipeline] DEBUG JOB 67d9de8c ENRICH 1/1: 01_chapter_1_monsterscid10goblins_have_ac_15.md -> summary="Monster rules." keywords=['monster']
2026-08-03 23:07:54 [pipeline] INFO JOB 67d9de8c STAGE 4 DONE: 1/1 sections enriched, 0.0s
2026-08-03 23:07:54 [pipeline] INFO JOB 67d9de8c STAGE 5: building FTS5 index
2026-08-03 23:07:54 [pipeline] INFO JOB 67d9de8c STAGE 5 DONE: FTS5 index built, 0.0s
2026-08-03 23:07:54 [pipeline] INFO JOB 67d9de8c COMPLETE: doc=c8388464 title="book"
2026-08-03 23:07:54 [pipeline] INFO JOB 0a04b690 START doc=repro_do user=a2a96ba5 pdf=original.pdf
2026-08-03 23:07:54 [pipeline] INFO JOB 0a04b690 STAGE 1: extracting text from original.pdf
2026-08-03 23:07:54 [pipeline] INFO JOB 0a04b690 STAGE 1 DONE: 1 pages, 0 OCR, 44 chars, 0.1s
2026-08-03 23:07:54 [pipeline] INFO JOB 0a04b690 COVER: extracted cover.jpg
2026-08-03 23:07:54 [pipeline] INFO JOB 0a04b690 STAGE 2: detecting structure
2026-08-03 23:07:54 [pipeline] INFO JOB 0a04b690 STAGE 2 DONE: 1 chapters, 1 nodes, 1 leaves, 0.0s
2026-08-03 23:07:54 [pipeline] INFO JOB 0a04b690 STAGE 3: writing markdown files
2026-08-03 23:07:54 [pipeline] INFO JOB 0a04b690 STAGE 3 DONE: 1 files written to data/a2a96ba5/repro_do/, 0.0s
2026-08-03 23:07:54 [pipeline] INFO JOB 0a04b690 STAGE 4: enriching 1 sections
2026-08-03 23:07:54 [pipeline] DEBUG JOB 0a04b690 ENRICH 1/1: 01_chapter_1_combatcid10goblins_have_ac_15.md -> summary="Reprocessed." keywords=['combat']
2026-08-03 23:07:54 [pipeline] INFO JOB 0a04b690 STAGE 4 DONE: 1/1 sections enriched, 0.0s
2026-08-03 23:07:54 [pipeline] INFO JOB 0a04b690 STAGE 5: building FTS5 index
2026-08-03 23:07:54 [pipeline] INFO JOB 0a04b690 STAGE 5 DONE: FTS5 index built, 0.0s
2026-08-03 23:07:54 [pipeline] INFO JOB 0a04b690 COMPLETE: doc=repro_do title="Repro Book"
2026-08-03 23:07:54 [pipeline] INFO JOB 72729ae3 START doc=bad_doc user=dd8621e7 pdf=bad.pdf
2026-08-03 23:07:54 [pipeline] INFO JOB 72729ae3 STAGE 1: extracting text from bad.pdf
2026-08-03 23:07:54 [pipeline] ERROR JOB 72729ae3 FAILED: doc=bad_doc error=Stream has ended unexpectedly
2026-08-03 23:07:55 [agent] INFO QUERY START: "What is AC?" (history=0 turns)
2026-08-03 23:07:55 [pipeline] DEBUG JOB ee619f53 ENRICH 147/301: 147_8_flight_darkness_elementalist_costs_the_caster_10100.md -> summary="This section describes spells for Darkness Elementalists (Fl" keywords=['darkness elementalist', 'flight', 'spin', 'banshee', 'water spells', 'icewall', 'blizzard']
2026-08-03 23:07:56 [pipeline] INFO JOB f7a2a52d START doc=4c188b33 user=43a7be11 pdf=original.pdf
2026-08-03 23:07:56 [pipeline] INFO JOB f7a2a52d STAGE 1: extracting text from original.pdf
2026-08-03 23:07:56 [pipeline] INFO JOB f7a2a52d STAGE 1 DONE: 2 pages, 0 OCR, 71 chars, 0.0s
2026-08-03 23:07:56 [pipeline] INFO JOB f7a2a52d COVER: extracted cover.jpg
2026-08-03 23:07:56 [pipeline] INFO JOB f7a2a52d STAGE 2: detecting structure
2026-08-03 23:07:56 [pipeline] INFO JOB f7a2a52d STAGE 2 DONE: 1 chapters, 1 nodes, 1 leaves, 0.0s
2026-08-03 23:07:56 [pipeline] INFO JOB f7a2a52d STAGE 3: writing markdown files
2026-08-03 23:07:56 [pipeline] INFO JOB f7a2a52d STAGE 3 DONE: 1 files written to data/43a7be11/4c188b33/, 0.0s
2026-08-03 23:07:56 [pipeline] INFO JOB f7a2a52d STAGE 4: enriching 1 sections
2026-08-03 23:07:56 [pipeline] DEBUG JOB f7a2a52d ENRICH 1/1: 01_chapter_1_combat.md -> summary="Combat rules for goblins." keywords=['goblin', 'combat', 'AC']
2026-08-03 23:07:56 [pipeline] INFO JOB f7a2a52d STAGE 4 DONE: 1/1 sections enriched, 0.0s
2026-08-03 23:07:56 [pipeline] INFO JOB f7a2a52d STAGE 5: building FTS5 index
2026-08-03 23:07:56 [pipeline] INFO JOB f7a2a52d STAGE 5 DONE: FTS5 index built, 0.0s
2026-08-03 23:07:56 [pipeline] INFO JOB f7a2a52d COMPLETE: doc=4c188b33 title="combat"
2026-08-03 23:07:57 [pipeline] DEBUG JOB ee619f53 ENRICH 148/301: 148_1_rain_4_walk_on_water.md -> summary="This section describes water and ice spells for Elementalist" keywords=['elementalist', 'water spells', 'ice spells', 'rain', 'wave mastery', 'icewall', 'walk on water', 'blizzard']
2026-08-03 23:07:57 [pipeline] INFO JOB cd5b8625 START doc=d1 user=alice pdf=test.pdf
2026-08-03 23:07:57 [pipeline] INFO JOB cd5b8625 STAGE 1: extracting text from test.pdf
2026-08-03 23:07:57 [pipeline] INFO JOB cd5b8625 STAGE 1 DONE: 1 pages, 0 OCR, 46 chars, 0.1s
2026-08-03 23:07:57 [pipeline] WARNING JOB cd5b8625 COVER: failed to extract cover: [Errno 2] No such file or directory: '/tmp/pytest-of-jason/pytest-180/test_runner_end_to_end0/data/alice/d1/cover.jpg'
2026-08-03 23:07:57 [pipeline] INFO JOB cd5b8625 STAGE 2: detecting structure
2026-08-03 23:07:57 [pipeline] INFO JOB cd5b8625 STAGE 2 DONE: 1 chapters, 1 nodes, 1 leaves, 0.0s
2026-08-03 23:07:57 [pipeline] INFO JOB cd5b8625 STAGE 3: writing markdown files
2026-08-03 23:07:57 [pipeline] INFO JOB cd5b8625 STAGE 3 DONE: 1 files written to data/alice/d1/, 0.0s
2026-08-03 23:07:57 [pipeline] INFO JOB cd5b8625 STAGE 4: enriching 1 sections
2026-08-03 23:07:57 [pipeline] DEBUG JOB cd5b8625 ENRICH 1/1: 01_chapter_1_combat.md -> summary="Combat rules." keywords=['combat', 'goblin']
2026-08-03 23:07:57 [pipeline] INFO JOB cd5b8625 STAGE 4 DONE: 1/1 sections enriched, 0.0s
2026-08-03 23:07:57 [pipeline] INFO JOB cd5b8625 STAGE 5: building FTS5 index
2026-08-03 23:07:57 [pipeline] INFO JOB cd5b8625 STAGE 5 DONE: FTS5 index built, 0.0s
2026-08-03 23:07:57 [pipeline] INFO JOB cd5b8625 COMPLETE: doc=d1 title="Test Book"
2026-08-03 23:07:57 [pipeline] INFO JOB 2d70f4a3 START doc=d1 user=alice pdf=bad.pdf
2026-08-03 23:07:57 [pipeline] INFO JOB 2d70f4a3 STAGE 1: extracting text from bad.pdf
2026-08-03 23:07:57 [pipeline] ERROR JOB 2d70f4a3 FAILED: doc=d1 error=Stream has ended unexpectedly
